[
  { "station_name": "A n dev nagar", "station_code": "ACND" },
  { "station_name": "Abada", "station_code": "ABB" },
  { "station_name": "Abhaipur", "station_code": "AHA" },
  { "station_name": "ABHANPUR JN", "station_code": "AVP" },
  { "station_name": "Abohar", "station_code": "ABS" },
  { "station_name": "Abu road", "station_code": "ABR" },
  { "station_name": "Achalda", "station_code": "ULD" },
  { "station_name": "Achalganj", "station_code": "ACH" },
  { "station_name": "Achalpur", "station_code": "ELP" },
  { "station_name": "Achhnera jn", "station_code": "AH" },
  { "station_name": "Adas road", "station_code": "ADD" },
  { "station_name": "Adavali", "station_code": "ADVI" },
  { "station_name": "Adesar", "station_code": "AAR" },
  { "station_name": "Adgaon buzurg", "station_code": "ABZ" },
  { "station_name": "Adhartal", "station_code": "ADTL" },
  { "station_name": "Adhikari", "station_code": "ADQ" },
  { "station_name": "Adi saptagram", "station_code": "ADST" },
  { "station_name": "Adilabad", "station_code": "ADB" },
  { "station_name": "Adina", "station_code": "ADF" },
  { "station_name": "Adipur", "station_code": "AI" },
  { "station_name": "Adityapur", "station_code": "ADTP" },
  { "station_name": "Adoni", "station_code": "AD" },
  { "station_name": "Adra jn", "station_code": "ADRA" },
  { "station_name": "ADRAJ MOTI", "station_code": "AJM" },
  { "station_name": "Adrsh ngr delhi", "station_code": "ANDI" },
  { "station_name": "Aduturai", "station_code": "ADT" },
  { "station_name": "Agartala", "station_code": "AGTL" },
  { "station_name": "Agas", "station_code": "AGAS" },
  { "station_name": "Agasod", "station_code": "AGD" },
  { "station_name": "Aghwanpur", "station_code": "AWP" },
  { "station_name": "Agomoni", "station_code": "AGMN" },
  { "station_name": "Agori khas", "station_code": "AGY" },
  { "station_name": "Agra cantt", "station_code": "AGC" },
  { "station_name": "Agra city", "station_code": "AGA" },
  { "station_name": "Agra fort", "station_code": "AF" },
  { "station_name": "Ahalyapur", "station_code": "AHLR" },
  { "station_name": "Aherwadi", "station_code": "AHD" },
  { "station_name": "Ahiran", "station_code": "AHN" },
  { "station_name": "Ahmadgarh", "station_code": "AHH" },
  { "station_name": "Ahmadnagar", "station_code": "ANG" },
  { "station_name": "Ahmadpur jn", "station_code": "AMP" },
  { "station_name": "Ahmedabad jn", "station_code": "ADI" },
  { "station_name": "Ahmedabad mg", "station_code": "ADIJ" },
  { "station_name": "Ahraura road", "station_code": "ARW" },
  { "station_name": "Aishbagh", "station_code": "ASH" },
  { "station_name": "Ait", "station_code": "AIT" },
  { "station_name": "Aithal", "station_code": "ATMO" },
  { "station_name": "Ajaibpur", "station_code": "AJR" },
  { "station_name": "Ajakollu", "station_code": "AJK" },
  { "station_name": "Ajanti", "station_code": "ANI" },
  { "station_name": "Ajaraka", "station_code": "AIA" },
  { "station_name": "Ajgain", "station_code": "AJ" },
  { "station_name": "Ajhai", "station_code": "AJH" },
  { "station_name": "Ajit", "station_code": "AJIT" },
  { "station_name": "Ajjampur", "station_code": "AJP" },
  { "station_name": "Ajmer jn", "station_code": "AII" },
  { "station_name": "Ajni", "station_code": "AJNI" },
  { "station_name": "Ajnod", "station_code": "AJN" },
  { "station_name": "Akalkot road", "station_code": "AKOR" },
  { "station_name": "Akaltara", "station_code": "AKT" },
  { "station_name": "Akanapet", "station_code": "AKE" },
  { "station_name": "Akathumuri", "station_code": "AMY" },
  { "station_name": "Akbarganj", "station_code": "AKJ" },
  { "station_name": "Akbarnagar", "station_code": "AKN" },
  { "station_name": "Akbarpur", "station_code": "ABP" },
  { "station_name": "Akividu", "station_code": "AKVD" },
  { "station_name": "Akkaraippatti", "station_code": "API" },
  { "station_name": "Akkurti", "station_code": "AKY" },
  { "station_name": "Akodia", "station_code": "AKD" },
  { "station_name": "Akola jn", "station_code": "AK" },
  { "station_name": "Akolner", "station_code": "AKR" },
  { "station_name": "Akora", "station_code": "AKW" },
  { "station_name": "Akot", "station_code": "AKOT" },
  { "station_name": "Akshaywat r ngr", "station_code": "AYRN" },
  { "station_name": "Akurdi", "station_code": "AKRD" },
  { "station_name": "Alai", "station_code": "ALAI" },
  { "station_name": "Alamanda", "station_code": "ALM" },
  { "station_name": "Alamnagar", "station_code": "AMG" },
  { "station_name": "Alampur", "station_code": "ALMR" },
  { "station_name": "Alampur road", "station_code": "ALPR" },
  { "station_name": "Alandi", "station_code": "ALN" },
  { "station_name": "Aler", "station_code": "ALER" },
  { "station_name": "Algawan", "station_code": "AIG" },
  { "station_name": "Alia bada", "station_code": "ALB" },
  { "station_name": "Aliganj", "station_code": "ALJ" },
  { "station_name": "Aligarh jn", "station_code": "ALJN" },
  { "station_name": "Alipur duar", "station_code": "APD" },
  { "station_name": "Alipur duar jn", "station_code": "APDJ" },
  { "station_name": "Aliyabad", "station_code": "AYB" },
  { "station_name": "Allahabad city", "station_code": "ALY" },
  { "station_name": "Allahabad jn", "station_code": "ALD" },
  { "station_name": "ALLAHABD CHHEOKI", "station_code": "ACOI" },
  { "station_name": "Alleppey", "station_code": "ALLP" },
  { "station_name": "Alluru road", "station_code": "AXR" },
  { "station_name": "Almatti", "station_code": "LMT" },
  { "station_name": "Alnavar jn", "station_code": "LWR" },
  { "station_name": "Alner", "station_code": "AN" },
  { "station_name": "Alniya", "station_code": "ALNI" },
  { "station_name": "Aluabari road", "station_code": "AUB" },
  { "station_name": "Aluva", "station_code": "AWY" },
  { "station_name": "Alwal", "station_code": "ALW" },
  { "station_name": "Alwar", "station_code": "AWR" },
  { "station_name": "Alwar tirunagri", "station_code": "AWT" },
  { "station_name": "Amagura", "station_code": "AGZ" },
  { "station_name": "Amalsad", "station_code": "AML" },
  { "station_name": "Aman vadi", "station_code": "AMW" },
  { "station_name": "Amarda road", "station_code": "ARD" },
  { "station_name": "Amargarh", "station_code": "AGR" },
  { "station_name": "Amargol", "station_code": "AGL" },
  { "station_name": "Amarpur jorasi", "station_code": "APJ" },
  { "station_name": "Amarpura", "station_code": "APA" },
  { "station_name": "Amarpura rathan", "station_code": "AMPR" },
  { "station_name": "Amarsar", "station_code": "AXA" },
  { "station_name": "Amausi", "station_code": "AMS" },
  { "station_name": "Amb andaura", "station_code": "AADR" },
  { "station_name": "Ambagaon", "station_code": "AGB" },
  { "station_name": "Ambala cant jn", "station_code": "UMB" },
  { "station_name": "Ambala city", "station_code": "UBC" },
  { "station_name": "Ambalapuzha", "station_code": "AMPA" },
  { "station_name": "Ambale", "station_code": "ABLE" },
  { "station_name": "Ambari falakata", "station_code": "ABFC" },
  { "station_name": "Ambarnath", "station_code": "ABH" },
  { "station_name": "Ambasa", "station_code": "ABSA" },
  { "station_name": "Ambasamudram", "station_code": "ASD" },
  { "station_name": "Ambaturai", "station_code": "ABI" },
  { "station_name": "Ambika kalna", "station_code": "ABKA" },
  { "station_name": "Ambika rohina", "station_code": "AMBR" },
  { "station_name": "Ambikapur", "station_code": "ABKP" },
  { "station_name": "Ambli road", "station_code": "ABD" },
  { "station_name": "Ambliyasan", "station_code": "UMN" },
  { "station_name": "Ambodala", "station_code": "AMB" },
  { "station_name": "Ambur", "station_code": "AB" },
  { "station_name": "Amdara", "station_code": "UDR" },
  { "station_name": "Amethi", "station_code": "AME" },
  { "station_name": "Amgaon", "station_code": "AGN" },
  { "station_name": "Amguri", "station_code": "AGI" },
  { "station_name": "Amla jn", "station_code": "AMLA" },
  { "station_name": "Amlai", "station_code": "AAL" },
  { "station_name": "Amlakhurd", "station_code": "AMX" },
  { "station_name": "Amli", "station_code": "AMLI" },
  { "station_name": "Ammanabrolu", "station_code": "ANB" },
  { "station_name": "Ammasandra", "station_code": "AMSA" },
  { "station_name": "Ammuguda", "station_code": "AMQ" },
  { "station_name": "Amoni", "station_code": "AONI" },
  { "station_name": "Amravati", "station_code": "AMI" },
  { "station_name": "Amreli", "station_code": "AE" },
  { "station_name": "Amritapura", "station_code": "AMC" },
  { "station_name": "Amritsar jn", "station_code": "ASR" },
  { "station_name": "Amritvel", "station_code": "AVL" },
  { "station_name": "Amroha", "station_code": "AMRO" },
  { "station_name": "AMTA", "station_code": "AMZ" },
  { "station_name": "Anakapalle", "station_code": "AKP" },
  { "station_name": "Anand jn", "station_code": "ANND" },
  { "station_name": "Anand nagar", "station_code": "ANDN" },
  { "station_name": "Anand vihar", "station_code": "ANVR" },
  { "station_name": "Anand vihar trm", "station_code": "ANVT" },
  { "station_name": "Anandapuram", "station_code": "ANF" },
  { "station_name": "Anandpur sahib", "station_code": "ANSB" },
  { "station_name": "Anantapur", "station_code": "ATP" },
  { "station_name": "Anantarajupet", "station_code": "ANE" },
  { "station_name": "Anantnag", "station_code": "ANT" },
  { "station_name": "Anaparti", "station_code": "APT" },
  { "station_name": "Anara", "station_code": "ANR" },
  { "station_name": "Anas", "station_code": "ANAS" },
  { "station_name": "Anavardikhanpet", "station_code": "AVN" },
  { "station_name": "Ancheli", "station_code": "ACL" },
  { "station_name": "Andal jn", "station_code": "UDL" },
  { "station_name": "Andheri", "station_code": "ADH" },
  { "station_name": "Andul", "station_code": "ADL" },
  { "station_name": "Angadippuram", "station_code": "AAM" },
  { "station_name": "Angalakuduru", "station_code": "AKU" },
  { "station_name": "Angamali", "station_code": "AFK" },
  { "station_name": "Angar", "station_code": "AAG" },
  { "station_name": "Angul", "station_code": "ANGL" },
  { "station_name": "Anjani", "station_code": "ANO" },
  { "station_name": "Anjar", "station_code": "AJE" },
  { "station_name": "Anjhi shahabad", "station_code": "AJI" },
  { "station_name": "Ank mmr direct", "station_code": "ANKX" },
  { "station_name": "Ankai", "station_code": "ANK" },
  { "station_name": "Ankleshwar jn", "station_code": "AKV" },
  { "station_name": "Ankola", "station_code": "ANKL" },
  { "station_name": "Ankorah akorha", "station_code": "ANH" },
  { "station_name": "Annavaram", "station_code": "ANV" },
  { "station_name": "Annigeri", "station_code": "NGR" },
  { "station_name": "Anpara", "station_code": "ANPR" },
  { "station_name": "Antah", "station_code": "ATH" },
  { "station_name": "Antu", "station_code": "ANTU" },
  { "station_name": "Anugraha n road", "station_code": "AUBR" },
  { "station_name": "Anupgarh", "station_code": "APH" },
  { "station_name": "Anuppur jn", "station_code": "APR" },
  { "station_name": "Anupshahr", "station_code": "AUS" },
  { "station_name": "Aonla", "station_code": "AO" },
  { "station_name": "Appikatla", "station_code": "APL" },
  { "station_name": "Apta", "station_code": "APTA" },
  { "station_name": "Ara", "station_code": "ARA" },
  { "station_name": "Arag", "station_code": "ARAG" },
  { "station_name": "Arakkonam", "station_code": "AJJ" },
  { "station_name": "Arakku", "station_code": "ARK" },
  { "station_name": "Aralvaymozhi", "station_code": "AAY" },
  { "station_name": "Arand", "station_code": "ARN" },
  { "station_name": "Arang mahanadi", "station_code": "ANMD" },
  { "station_name": "Arantangi", "station_code": "ATQ" },
  { "station_name": "Arariya", "station_code": "ARR" },
  { "station_name": "Arariya court", "station_code": "ARQ" },
  { "station_name": "Aravali road", "station_code": "AVRD" },
  { "station_name": "Aravalli", "station_code": "AVLI" },
  { "station_name": "Aravankadu", "station_code": "AVK" },
  { "station_name": "Arepalli halt", "station_code": "ARPL" },
  { "station_name": "Arigada", "station_code": "ARGD" },
  { "station_name": "Ariyalur", "station_code": "ALU" },
  { "station_name": "Arjansar", "station_code": "AS" },
  { "station_name": "Arjuni", "station_code": "AJU" },
  { "station_name": "Arnetha", "station_code": "ARE" },
  { "station_name": "Arni road", "station_code": "ARV" },
  { "station_name": "Arnia", "station_code": "ARNA" },
  { "station_name": "Arsikere jn", "station_code": "ASK" },
  { "station_name": "Arumuganeri", "station_code": "ANY" },
  { "station_name": "Arunachal", "station_code": "ARCL" },
  { "station_name": "Aruppukkottai", "station_code": "APK" },
  { "station_name": "Arvi", "station_code": "ARVI" },
  { "station_name": "Aryankavu", "station_code": "AYV" },
  { "station_name": "Asafpur", "station_code": "AFR" },
  { "station_name": "Asalpur jobner", "station_code": "JOB" },
  { "station_name": "Asansol jn", "station_code": "ASN" },
  { "station_name": "Asaoti", "station_code": "AST" },
  { "station_name": "Asarva jn", "station_code": "ASV" },
  { "station_name": "Ashapura gomat", "station_code": "AQG" },
  { "station_name": "Ashok nagar", "station_code": "ASKN" },
  { "station_name": "Ashokapuram", "station_code": "AP" },
  { "station_name": "Asifabad road", "station_code": "ASAF" },
  { "station_name": "Aslana", "station_code": "ANA" },
  { "station_name": "Aslaoda", "station_code": "ASL" },
  { "station_name": "Asnoti", "station_code": "AT" },
  { "station_name": "Asokhar", "station_code": "AXK" },
  { "station_name": "Asranada", "station_code": "AAS" },
  { "station_name": "Aswapuram", "station_code": "AWM" },
  { "station_name": "Atari", "station_code": "ATT" },
  { "station_name": "Atarra", "station_code": "ATE" },
  { "station_name": "Ateli", "station_code": "AEL" },
  { "station_name": "Athmal gola", "station_code": "ATL" },
  { "station_name": "Atirampattinam", "station_code": "AMM" },
  { "station_name": "Atrampur", "station_code": "ARP" },
  { "station_name": "Atru", "station_code": "ATRU" },
  { "station_name": "Attabira", "station_code": "ATS" },
  { "station_name": "Attar", "station_code": "ATR" },
  { "station_name": "Attili", "station_code": "AL" },
  { "station_name": "Attur", "station_code": "ATU" },
  { "station_name": "Atul", "station_code": "ATUL" },
  { "station_name": "Aulenda", "station_code": "AED" },
  { "station_name": "Aung", "station_code": "AUNG" },
  { "station_name": "Aunrihar jn", "station_code": "ARJ" },
  { "station_name": "Aurangabad", "station_code": "AWB" },
  { "station_name": "Ausa road", "station_code": "OSA" },
  { "station_name": "Auvaneswsarem", "station_code": "AVS" },
  { "station_name": "Auwa", "station_code": "AUWA" },
  { "station_name": "Avadi", "station_code": "AVD" },
  { "station_name": "Awantipura", "station_code": "ATPA" },
  { "station_name": "Awatarnagar", "station_code": "ATNR" },
  { "station_name": "Ayodhya", "station_code": "AY" },
  { "station_name": "Ayodhyapattanam", "station_code": "APN" },
  { "station_name": "Azamgarh", "station_code": "AMH" },
  { "station_name": "Azamnagar road", "station_code": "AZR" },
  { "station_name": "Azimganj city", "station_code": "ACLE" },
  { "station_name": "Azimganj jn", "station_code": "AZ" }
]
