[
  { "station_name": "B cement nagar", "station_code": "BEY" },
  { "station_name": "Babatpur", "station_code": "BTP" },
  { "station_name": "Babhnan", "station_code": "BV" },
  { "station_name": "Babina", "station_code": "BAB" },
  { "station_name": "Babrala", "station_code": "BBA" },
  { "station_name": "Babugarh", "station_code": "BBO" },
  { "station_name": "Babupeth", "station_code": "BUPH" },
  { "station_name": "Bacheli", "station_code": "BCHL" },
  { "station_name": "Bachhrawan", "station_code": "BCN" },
  { "station_name": "Bachwara jn", "station_code": "BCA" },
  { "station_name": "Badabandha", "station_code": "BDBA" },
  { "station_name": "Badami", "station_code": "BDM" },
  { "station_name": "Badampahar", "station_code": "BMPR" },
  { "station_name": "Badampudi", "station_code": "BPY" },
  { "station_name": "Badarpur jn", "station_code": "BPB" },
  { "station_name": "Badarwas", "station_code": "BDWS" },
  { "station_name": "Bade arapur", "station_code": "BDXX" },
  { "station_name": "BADGAM", "station_code": "BDGM" },
  { "station_name": "Badhal", "station_code": "BDHL" },
  { "station_name": "Badhwa bara", "station_code": "BDWA" },
  { "station_name": "Badkulla", "station_code": "BDZ" },
  { "station_name": "Badla ghat", "station_code": "BHB" },
  { "station_name": "Badlapur", "station_code": "BUD" },
  { "station_name": "Badli", "station_code": "BHD" },
  { "station_name": "Badmal", "station_code": "BUDM" },
  { "station_name": "Badnapur", "station_code": "BDU" },
  { "station_name": "Badnera jn", "station_code": "BD" },
  { "station_name": "Badodar", "station_code": "BDDR" },
  { "station_name": "Badshahnagar", "station_code": "BNZ" },
  { "station_name": "Badshahpur", "station_code": "BSE" },
  { "station_name": "Badulipar", "station_code": "BLPR" },
  { "station_name": "Badurpur ghat", "station_code": "BPG" },
  { "station_name": "Badwasi", "station_code": "BWS" },
  { "station_name": "Bagaha", "station_code": "BUG" },
  { "station_name": "Bagahai road", "station_code": "BGHI" },
  { "station_name": "Bagalia", "station_code": "BGA" },
  { "station_name": "Bagalkot", "station_code": "BGK" },
  { "station_name": "Bagbahra", "station_code": "BGBR" },
  { "station_name": "Bagdihi", "station_code": "BEH" },
  { "station_name": "Bagetar", "station_code": "BF" },
  { "station_name": "Bagevadi rd", "station_code": "BSRX" },
  { "station_name": "Bagewadi", "station_code": "BGWD" },
  { "station_name": "Baghauli", "station_code": "BGH" },
  { "station_name": "Baghdogra", "station_code": "BORA" },
  { "station_name": "Baghnapara", "station_code": "BGRA" },
  { "station_name": "Baghora", "station_code": "BJQ" },
  { "station_name": "Baghuapal", "station_code": "BGPL" },
  { "station_name": "Bagnan", "station_code": "BZN" },
  { "station_name": "Bagra tawa", "station_code": "BGTA" },
  { "station_name": "Bagri nagar", "station_code": "BQN" },
  { "station_name": "Bagri sajjanpur", "station_code": "BGX" },
  { "station_name": "Bagumra", "station_code": "BGMR" },
  { "station_name": "Bagwada (halt)", "station_code": "BAGD" },
  { "station_name": "Bagwali", "station_code": "BWB" },
  { "station_name": "Bahadur singh w", "station_code": "BSS" },
  { "station_name": "Bahadurgarh", "station_code": "BGZ" },
  { "station_name": "Bahadurpur", "station_code": "BPD" },
  { "station_name": "Bahawal basi", "station_code": "BFE" },
  { "station_name": "Baheri", "station_code": "BHI" },
  { "station_name": "Bahjoi", "station_code": "BJ" },
  { "station_name": "Bahman diwana", "station_code": "BWX" },
  { "station_name": "Bahraich", "station_code": "BRK" },
  { "station_name": "Baidyanathdham", "station_code": "BDME" },
  { "station_name": "Baiguda", "station_code": "BGUA" },
  { "station_name": "Baihatola", "station_code": "BATL" },
  { "station_name": "Baijnath mandir", "station_code": "BJMR" },
  { "station_name": "Baijnathpaprola", "station_code": "BJPL" },
  { "station_name": "Baijnathpur", "station_code": "BYP" },
  { "station_name": "Baikunth", "station_code": "BKTH" },
  { "station_name": "Baikunthpur rd", "station_code": "BRH" },
  { "station_name": "Bainchi", "station_code": "BOI" },
  { "station_name": "Bairagarh", "station_code": "BIH" },
  { "station_name": "Bairagnia", "station_code": "BGU" },
  { "station_name": "Baitalpur", "station_code": "BALR" },
  { "station_name": "Baitarani road", "station_code": "BTV" },
  { "station_name": "Baiyyappanahali", "station_code": "BYPL" },
  { "station_name": "Bajrangarh", "station_code": "BJG" },
  { "station_name": "Bajud", "station_code": "BJUD" },
  { "station_name": "Bajva", "station_code": "BJW" },
  { "station_name": "Bakanian bhaunr", "station_code": "BQE" },
  { "station_name": "Bakhleta", "station_code": "BQQ" },
  { "station_name": "Bakhtiyarpur jn", "station_code": "BKP" },
  { "station_name": "Bakra road", "station_code": "BK" },
  { "station_name": "Baktal", "station_code": "BKTL" },
  { "station_name": "Bakudi", "station_code": "BKLE" },
  { "station_name": "Bala road", "station_code": "BLRD" },
  { "station_name": "Balabhadrapuram", "station_code": "BBPM" },
  { "station_name": "Balabnramapuram", "station_code": "BRAM" },
  { "station_name": "Balagarh", "station_code": "BGAE" },
  { "station_name": "Balaghat jn", "station_code": "BTC" },
  { "station_name": "Balamu jn", "station_code": "BLM" },
  { "station_name": "Balanagar", "station_code": "BABR" },
  { "station_name": "Balangir", "station_code": "BLGR" },
  { "station_name": "Balapalle", "station_code": "BLPE" },
  { "station_name": "Balasore", "station_code": "BLS" },
  { "station_name": "Balawali", "station_code": "BLW" },
  { "station_name": "Bale", "station_code": "BALE" },
  { "station_name": "Balganur", "station_code": "BLR" },
  { "station_name": "Balharshah", "station_code": "BPQ" },
  { "station_name": "Baliakheri", "station_code": "BAE" },
  { "station_name": "Balichak", "station_code": "BCK" },
  { "station_name": "BALIPARA", "station_code": "BVU" },
  { "station_name": "Ballabgarh", "station_code": "BVH" },
  { "station_name": "Ballenahalli", "station_code": "BAHI" },
  { "station_name": "Balli", "station_code": "BLLI" },
  { "station_name": "Ballia", "station_code": "BUI" },
  { "station_name": "Bally", "station_code": "BLY" },
  { "station_name": "BALLYGUNGE JN", "station_code": "BLN" },
  { "station_name": "Balod", "station_code": "BXA" },
  { "station_name": "Balotra jn", "station_code": "BLT" },
  { "station_name": "Balpur halt", "station_code": "BPRH" },
  { "station_name": "Balrampur", "station_code": "BLP" },
  { "station_name": "Balugaon", "station_code": "BALU" },
  { "station_name": "Balurghat", "station_code": "BLGT" },
  { "station_name": "Balwa", "station_code": "WAB" },
  { "station_name": "Balwara", "station_code": "BAWA" },
  { "station_name": "Bamanwali", "station_code": "BMNL" },
  { "station_name": "Bamhrauli", "station_code": "BMU" },
  { "station_name": "Bamla", "station_code": "BMLL" },
  { "station_name": "Bamnia", "station_code": "BMI" },
  { "station_name": "Bamra", "station_code": "BMB" },
  { "station_name": "Bamur", "station_code": "BAMR" },
  { "station_name": "Banahi", "station_code": "BYN" },
  { "station_name": "Banapura", "station_code": "BPF" },
  { "station_name": "Banar", "station_code": "BNO" },
  { "station_name": "Banarhat", "station_code": "BNQ" },
  { "station_name": "Banas", "station_code": "BNS" },
  { "station_name": "Banasandra", "station_code": "BSN" },
  { "station_name": "Banaswadi", "station_code": "BAND" },
  { "station_name": "Banbasa", "station_code": "BNSA" },
  { "station_name": "Banda jn", "station_code": "BNDA" },
  { "station_name": "Bandakpur", "station_code": "BNU" },
  { "station_name": "Bandanwara", "station_code": "BDW" },
  { "station_name": "Bandarkhal", "station_code": "BXK" },
  { "station_name": "Bandarupalle", "station_code": "BDPL" },
  { "station_name": "Bandel jn", "station_code": "BDC" },
  { "station_name": "Bandh bareta", "station_code": "BR" },
  { "station_name": "Bandikui jn", "station_code": "BKI" },
  { "station_name": "Bandra terminus", "station_code": "BDTS" },
  { "station_name": "Bangalore cant", "station_code": "BNC" },
  { "station_name": "Bangalore cy jn", "station_code": "SBC" },
  { "station_name": "Bangalore east", "station_code": "BNCE" },
  { "station_name": "BANGAON JN", "station_code": "BNJ" },
  { "station_name": "Bangarapet", "station_code": "BWT" },
  { "station_name": "Bangriposi", "station_code": "BGY" },
  { "station_name": "Bangrod", "station_code": "BOD" },
  { "station_name": "Bani", "station_code": "BANI" },
  { "station_name": "Banihal", "station_code": "BAHL" },
  { "station_name": "Banisar", "station_code": "BS" },
  { "station_name": "Banka", "station_code": "BAKA" },
  { "station_name": "Banka ghat", "station_code": "BKG" },
  { "station_name": "Bankata", "station_code": "BTK" },
  { "station_name": "Bankhedi", "station_code": "BKH" },
  { "station_name": "Bankura", "station_code": "BQA" },
  { "station_name": "Bankura", "station_code": "BQK" },
  { "station_name": "Banmankhi jn", "station_code": "BNKI" },
  { "station_name": "Banmor", "station_code": "BAO" },
  { "station_name": "Bano", "station_code": "BANO" },
  { "station_name": "Banpas", "station_code": "BPS" },
  { "station_name": "Bansdih road", "station_code": "BCD" },
  { "station_name": "Bansh baria", "station_code": "BSAE" },
  { "station_name": "Banshlai bridge", "station_code": "BSBR" },
  { "station_name": "Bansi paharpur", "station_code": "BIQ" },
  { "station_name": "Bansipur", "station_code": "BSQP" },
  { "station_name": "Banskho", "station_code": "BSKO" },
  { "station_name": "Banspani", "station_code": "BSPX" },
  { "station_name": "Bansthali niwai", "station_code": "BNLW" },
  { "station_name": "Banta rnathgarh", "station_code": "BGG" },
  { "station_name": "Bantanahal", "station_code": "BLL" },
  { "station_name": "Bantawala", "station_code": "BNTL" },
  { "station_name": "Banthra", "station_code": "BTRA" },
  { "station_name": "Bap", "station_code": "BAF" },
  { "station_name": "Bapatla", "station_code": "BPP" },
  { "station_name": "Bapudm motihari", "station_code": "BMKI" },
  { "station_name": "Bapudm motihari", "station_code": "MKI" },
  { "station_name": "Bar", "station_code": "BAR" },
  { "station_name": "Bara jamda", "station_code": "BJMD" },
  { "station_name": "Barabambo", "station_code": "BRM" },
  { "station_name": "Barabanki jn", "station_code": "BBK" },
  { "station_name": "Barabhum", "station_code": "BBM" },
  { "station_name": "Barabil", "station_code": "BBN" },
  { "station_name": "Barachak", "station_code": "BCQ" },
  { "station_name": "Baradiya", "station_code": "BRDA" },
  { "station_name": "Baradwar", "station_code": "BUA" },
  { "station_name": "Baragopal", "station_code": "BAGL" },
  { "station_name": "Barahat", "station_code": "BHLE" },
  { "station_name": "Baraigram jn", "station_code": "BRGM" },
  { "station_name": "Barakar", "station_code": "BRR" },
  { "station_name": "Baral", "station_code": "BARL" },
  { "station_name": "Baramati", "station_code": "BRMT" },
  { "station_name": "BARAMULA", "station_code": "BRML" },
  { "station_name": "Baran", "station_code": "BAZ" },
  { "station_name": "Barang", "station_code": "BRAG" },
  { "station_name": "Barara", "station_code": "RAA" },
  { "station_name": "Barasat", "station_code": "BT" },
  { "station_name": "Barauni jn", "station_code": "BJU" },
  { "station_name": "Baraut", "station_code": "BTU" },
  { "station_name": "Barbatpur", "station_code": "BBTR" },
  { "station_name": "Barchi road", "station_code": "BCRD" },
  { "station_name": "Barddhaman jn", "station_code": "BWN" },
  { "station_name": "Bardhana halt", "station_code": "BRDH" },
  { "station_name": "Bardi halt", "station_code": "BDHT" },
  { "station_name": "Bardoli", "station_code": "BIY" },
  { "station_name": "Bareilly", "station_code": "BE" },
  { "station_name": "Bareilly", "station_code": "BRY" },
  { "station_name": "Bareilly city", "station_code": "BC" },
  { "station_name": "Barejadi", "station_code": "BJD" },
  { "station_name": "Barelipur", "station_code": "BQM" },
  { "station_name": "Bareta", "station_code": "BRZ" },
  { "station_name": "Bareth", "station_code": "BET" },
  { "station_name": "Bargarh", "station_code": "BRG" },
  { "station_name": "Bargarh road", "station_code": "BRGA" },
  { "station_name": "Bargawan", "station_code": "BRGW" },
  { "station_name": "Bargi", "station_code": "BUQ" },
  { "station_name": "Barh", "station_code": "BARH" },
  { "station_name": "BARHAJ BAZAR", "station_code": "BHJ" },
  { "station_name": "Barhan", "station_code": "BRN" },
  { "station_name": "Barharwa jn", "station_code": "BHW" },
  { "station_name": "Barhiya", "station_code": "BRYA" },
  { "station_name": "Barhni", "station_code": "BNY" },
  { "station_name": "Bari brahman", "station_code": "BBMN" },
  { "station_name": "Bariarpur", "station_code": "BUP" },
  { "station_name": "Baripada", "station_code": "BPO" },
  { "station_name": "Bariwala", "station_code": "BRW" },
  { "station_name": "Barka kana", "station_code": "BRKA" },
  { "station_name": "Barkhera", "station_code": "BKA" },
  { "station_name": "Barkisalalya", "station_code": "BSYA" },
  { "station_name": "Barkur", "station_code": "BKJ" },
  { "station_name": "Barlai", "station_code": "BLAX" },
  { "station_name": "Barmer", "station_code": "BME" },
  { "station_name": "Barnagar", "station_code": "BNG" },
  { "station_name": "Barnala", "station_code": "BNN" },
  { "station_name": "Barog", "station_code": "BOF" },
  { "station_name": "Barpali", "station_code": "BRPL" },
  { "station_name": "Barpathar", "station_code": "BXP" },
  { "station_name": "Barpeta road", "station_code": "BPRD" },
  { "station_name": "Barrackpore", "station_code": "BP" },
  { "station_name": "Barrajpur", "station_code": "BJR" },
  { "station_name": "Barsali", "station_code": "BYS" },
  { "station_name": "Barsathi", "station_code": "BSY" },
  { "station_name": "Barsi takli", "station_code": "BSQ" },
  { "station_name": "Barsi town", "station_code": "BTW" },
  { "station_name": "Barsoi jn", "station_code": "BOE" },
  { "station_name": "Barsola", "station_code": "BZO" },
  { "station_name": "Barsuan", "station_code": "BXF" },
  { "station_name": "Barua bamungaon", "station_code": "BBGN" },
  { "station_name": "Barud", "station_code": "BRUD" },
  { "station_name": "BARUIPARA", "station_code": "BRPA" },
  { "station_name": "Baruipur jn", "station_code": "BRP" },
  { "station_name": "Baruva", "station_code": "BAV" },
  { "station_name": "Barwa sagar", "station_code": "BWR" },
  { "station_name": "Barwadih jn", "station_code": "BRWD" },
  { "station_name": "Barwaha", "station_code": "BWW" },
  { "station_name": "Barwala", "station_code": "BXC" },
  { "station_name": "Barya ram", "station_code": "BYHA" },
  { "station_name": "Basai", "station_code": "BZY" },
  { "station_name": "Basampalle", "station_code": "BSPL" },
  { "station_name": "Basantapur", "station_code": "BSTP" },
  { "station_name": "Basar", "station_code": "BSX" },
  { "station_name": "Basbari", "station_code": "BSI" },
  { "station_name": "Basharatganj", "station_code": "BTG" },
  { "station_name": "Basi kiratpur", "station_code": "BSKR" },
  { "station_name": "Basin bridge jn", "station_code": "BBQ" },
  { "station_name": "Basmat", "station_code": "BMF" },
  { "station_name": "Basni", "station_code": "BANE" },
  { "station_name": "Bassi", "station_code": "BAI" },
  { "station_name": "Bassi pathanam", "station_code": "BSPN" },
  { "station_name": "Basta", "station_code": "BTS" },
  { "station_name": "Basti", "station_code": "BST" },
  { "station_name": "Basugaon", "station_code": "BSGN" },
  { "station_name": "Basukinath", "station_code": "BSKH" },
  { "station_name": "Baswa", "station_code": "BU" },
  { "station_name": "Batala jn", "station_code": "BAT" },
  { "station_name": "Bataspur", "station_code": "BSLE" },
  { "station_name": "Bathinda cantt.", "station_code": "BTIC" },
  { "station_name": "BATHUA BAZAR", "station_code": "BHBR" },
  { "station_name": "Bauria jn", "station_code": "BVA" },
  { "station_name": "Bavla", "station_code": "VLA" },
  { "station_name": "Bawal", "station_code": "BWL" },
  { "station_name": "Bawani khera", "station_code": "BWK" },
  { "station_name": "Bayana jn", "station_code": "BXN" },
  { "station_name": "Baytu", "station_code": "BUT" },
  { "station_name": "Bayyavaram", "station_code": "BVM" },
  { "station_name": "Bazarsau", "station_code": "BZLE" },
  { "station_name": "Bazpur", "station_code": "BPZ" },
  { "station_name": "Beas", "station_code": "BEAS" },
  { "station_name": "Beawar", "station_code": "BER" },
  { "station_name": "Bechhiwara", "station_code": "BHWA" },
  { "station_name": "Bedetti", "station_code": "BVV" },
  { "station_name": "Begampet", "station_code": "BMT" },
  { "station_name": "Begdewadi", "station_code": "BGW" },
  { "station_name": "Begu sarai", "station_code": "BGS" },
  { "station_name": "Behtagokul", "station_code": "BEG" },
  { "station_name": "Behula", "station_code": "BHLA" },
  { "station_name": "Bejnal", "station_code": "BJN" },
  { "station_name": "Bekal fort", "station_code": "BFR" },
  { "station_name": "Bela", "station_code": "BELA" },
  { "station_name": "Bela tal", "station_code": "BTX" },
  { "station_name": "Belakoba", "station_code": "BLK" },
  { "station_name": "Belapur", "station_code": "BAP" },
  { "station_name": "Belasar", "station_code": "BLSR" },
  { "station_name": "Belda", "station_code": "BLDA" },
  { "station_name": "Beldanga", "station_code": "BEB" },
  { "station_name": "Belgahna", "station_code": "BIG" },
  { "station_name": "Belgaum", "station_code": "BGM" },
  { "station_name": "Belgharia", "station_code": "BLH" },
  { "station_name": "Belha", "station_code": "BYL" },
  { "station_name": "Bellamkonda", "station_code": "BMKD" },
  { "station_name": "Bellampalli", "station_code": "BPA" },
  { "station_name": "Bellary cant", "station_code": "BYC" },
  { "station_name": "Bellary jn", "station_code": "BAY" },
  { "station_name": "Belpahar", "station_code": "BPH" },
  { "station_name": "Belrayan", "station_code": "BXM" },
  { "station_name": "Belsiri", "station_code": "BLRE" },
  { "station_name": "Belsonda", "station_code": "BLSN" },
  { "station_name": "Belthara road", "station_code": "BLTR" },
  { "station_name": "Belur", "station_code": "BEQ" },
  { "station_name": "Belvandi", "station_code": "BWD" },
  { "station_name": "BENOYBADALDINESHBAG", "station_code": "BBDB" },
  { "station_name": "Beohari", "station_code": "BEHR" },
  { "station_name": "Berawanya", "station_code": "BRNA" },
  { "station_name": "Berchha", "station_code": "BCH" },
  { "station_name": "Berhampore crt", "station_code": "BPC" },
  { "station_name": "Bermo", "station_code": "BRMO" },
  { "station_name": "Besroli", "station_code": "BSRL" },
  { "station_name": "Betamcherla", "station_code": "BMH" },
  { "station_name": "Betavad", "station_code": "BEW" },
  { "station_name": "Bethampudi", "station_code": "BTPD" },
  { "station_name": "Bethuadahari", "station_code": "BTY" },
  { "station_name": "Betnoti", "station_code": "BTQ" },
  { "station_name": "Bettiah", "station_code": "BTH" },
  { "station_name": "Betul", "station_code": "BZU" },
  { "station_name": "Bevinahalu", "station_code": "BNL" },
  { "station_name": "Bewar bhojan", "station_code": "BWBN" },
  { "station_name": "Bhabhar", "station_code": "BAH" },
  { "station_name": "Bhabta", "station_code": "BFT" },
  { "station_name": "Bhabua road", "station_code": "BBU" },
  { "station_name": "Bhachau bg", "station_code": "BCOB" },
  { "station_name": "Bhadan", "station_code": "BDN" },
  { "station_name": "Bhadanpur", "station_code": "BUU" },
  { "station_name": "Bhadaura", "station_code": "BWH" },
  { "station_name": "Bhadbhadaghat", "station_code": "BVB" },
  { "station_name": "Bhadbhunja", "station_code": "BBAI" },
  { "station_name": "Bhadli", "station_code": "BDI" },
  { "station_name": "Bhadohi", "station_code": "BOY" },
  { "station_name": "Bhadrachalam rd", "station_code": "BDCR" },
  { "station_name": "Bhadrak", "station_code": "BHC" },
  { "station_name": "Bhadravati", "station_code": "BDVT" },
  { "station_name": "Bhadri", "station_code": "BHDR" },
  { "station_name": "Bhadroli", "station_code": "BBY" },
  { "station_name": "Bhaga jn", "station_code": "VAA" },
  { "station_name": "Bhagalpur", "station_code": "BGP" },
  { "station_name": "Bhagat ki kothi", "station_code": "BGKT" },
  { "station_name": "Bhagtanwala", "station_code": "BGTN" },
  { "station_name": "Bhagwangola", "station_code": "BQG" },
  { "station_name": "Bhagwanpur", "station_code": "BNR" },
  { "station_name": "Bhagwanpura", "station_code": "BGPR" },
  { "station_name": "BHAIRABI", "station_code": "BHRB" },
  { "station_name": "Bhairoganj", "station_code": "BRU" },
  { "station_name": "Bhairongarh", "station_code": "BOG" },
  { "station_name": "Bhakarapet", "station_code": "BKPT" },
  { "station_name": "Bhakti nagar", "station_code": "BKNG" },
  { "station_name": "Bhalki", "station_code": "BHLK" },
  { "station_name": "Bhalui", "station_code": "BFM" },
  { "station_name": "Bhaluka road f", "station_code": "BKRD" },
  { "station_name": "Bhalukmara", "station_code": "BLMR" },
  { "station_name": "BHALUKPONG", "station_code": "BHNG" },
  { "station_name": "Bhalulata", "station_code": "BUL" },
  { "station_name": "Bhalumaska", "station_code": "BLMK" },
  { "station_name": "Bhalwani", "station_code": "BLNI" },
  { "station_name": "Bhan kari", "station_code": "BAK" },
  { "station_name": "Bhanapur", "station_code": "BNP" },
  { "station_name": "Bhandak", "station_code": "BUX" },
  { "station_name": "Bhandana", "station_code": "BNDN" },
  { "station_name": "Bhandara road", "station_code": "BRD" },
  { "station_name": "Bhandaridah", "station_code": "BHME" },
  { "station_name": "BHANDARKUND", "station_code": "BDKD" },
  { "station_name": "Bhandu motidau", "station_code": "BHU" },
  { "station_name": "Bhanga", "station_code": "BXG" },
  { "station_name": "BHANJPUR", "station_code": "VZR" },
  { "station_name": "Bhansi", "station_code": "BHNS" },
  { "station_name": "Bhanvad", "station_code": "BNVD" },
  { "station_name": "Bhanwar tonk", "station_code": "BHTK" },
  { "station_name": "Bhanwasa", "station_code": "BNWS" },
  { "station_name": "Bharat kup", "station_code": "BTKP" },
  { "station_name": "Bharatkund", "station_code": "BTKD" },
  { "station_name": "Bharatpur jn", "station_code": "BTE" },
  { "station_name": "Bharatwada", "station_code": "BWRA" },
  { "station_name": "Bharoli", "station_code": "BHRL" },
  { "station_name": "Bharthana", "station_code": "BNT" },
  { "station_name": "Bharuch jn", "station_code": "BH" },
  { "station_name": "Bharwa sumerpur", "station_code": "BSZ" },
  { "station_name": "Bharwari", "station_code": "BRE" },
  { "station_name": "Bhatapara", "station_code": "BYT" },
  { "station_name": "Bhatel", "station_code": "BHTL" },
  { "station_name": "Bhatgaon", "station_code": "BOV" },
  { "station_name": "Bhatinda jn", "station_code": "BTI" },
  { "station_name": "Bhatisuda(halt)", "station_code": "BTSD" },
  { "station_name": "Bhatiya", "station_code": "BHTA" },
  { "station_name": "Bhatkal", "station_code": "BTJL" },
  { "station_name": "Bhatni jn", "station_code": "BTT" },
  { "station_name": "Bhatpar rani", "station_code": "BHTR" },
  { "station_name": "Bhattiprolu", "station_code": "BQU" },
  { "station_name": "Bhattu", "station_code": "BHT" },
  { "station_name": "Bhavanagar para", "station_code": "BVP" },
  { "station_name": "Bhavani nagar", "station_code": "BVNR" },
  { "station_name": "Bhavnagar trmus", "station_code": "BVC" },
  { "station_name": "Bhawani mandi", "station_code": "BWM" },
  { "station_name": "Bhawanipatna", "station_code": "BWIP" },
  { "station_name": "Bhawanipur kaln", "station_code": "BWP" },
  { "station_name": "Bhayandar", "station_code": "BYR" },
  { "station_name": "Bhayavadar", "station_code": "BHY" },
  { "station_name": "Bhedia", "station_code": "BDH" },
  { "station_name": "Bheempura", "station_code": "BIPR" },
  { "station_name": "Bheja", "station_code": "BHJA" },
  { "station_name": "Bhemswadi", "station_code": "BSWD" },
  { "station_name": "Bheraghat", "station_code": "BRGT" },
  { "station_name": "Bhesana", "station_code": "BFY" },
  { "station_name": "Bheslana", "station_code": "BILA" },
  { "station_name": "Bhestan", "station_code": "BHET" },
  { "station_name": "Bhigwan", "station_code": "BGVN" },
  { "station_name": "Bhiknur", "station_code": "BKU" },
  { "station_name": "Bhilad", "station_code": "BLD" },
  { "station_name": "Bhilai", "station_code": "BIA" },
  { "station_name": "Bhilai pwr hs", "station_code": "BPHB" },
  { "station_name": "Bhilainagar", "station_code": "BQR" },
  { "station_name": "Bhilavdi", "station_code": "BVQ" },
  { "station_name": "Bhildi", "station_code": "BLDI" },
  { "station_name": "Bhilwara", "station_code": "BHL" },
  { "station_name": "Bhimadolu", "station_code": "BMD" },
  { "station_name": "Bhimalgondi", "station_code": "BMC" },
  { "station_name": "Bhimana", "station_code": "BMN" },
  { "station_name": "Bhimasar bg", "station_code": "BMSB" },
  { "station_name": "Bhimavaram jn", "station_code": "BVRM" },
  { "station_name": "Bhimavaram town", "station_code": "BVRT" },
  { "station_name": "Bhimgara", "station_code": "BMGA" },
  { "station_name": "Bhimkhoj", "station_code": "BMKJ" },
  { "station_name": "Bhimnath", "station_code": "BNH" },
  { "station_name": "Bhimrana", "station_code": "BMRN" },
  { "station_name": "Bhimsen", "station_code": "BZM" },
  { "station_name": "Bhind", "station_code": "BIX" },
  { "station_name": "Bhinwaliya", "station_code": "BWA" },
  { "station_name": "Bhira kheri", "station_code": "BIK" },
  { "station_name": "Bhitaura", "station_code": "BTO" },
  { "station_name": "Bhitoni", "station_code": "BHTN" },
  { "station_name": "Bhiwandi road", "station_code": "BIRD" },
  { "station_name": "Bhiwani", "station_code": "BNW" },
  { "station_name": "Bhiwani city", "station_code": "BNWC" },
  { "station_name": "Bhogpur sirwal", "station_code": "BPRS" },
  { "station_name": "Bhojipura jn", "station_code": "BPR" },
  { "station_name": "Bhojo", "station_code": "BOJ" },
  { "station_name": "Bhojudih jn", "station_code": "BJE" },
  { "station_name": "Bhokar", "station_code": "BOKR" },
  { "station_name": "Bhoke", "station_code": "BOKE" },
  { "station_name": "Bhoma", "station_code": "BHV" },
  { "station_name": "Bhone", "station_code": "BHNE" },
  { "station_name": "Bhongaon", "station_code": "BGQ" },
  { "station_name": "Bhongir", "station_code": "BG" },
  { "station_name": "Bhonra", "station_code": "BON" },
  { "station_name": "Bhopal jn", "station_code": "BPL" },
  { "station_name": "Bhopalka", "station_code": "BPKA" },
  { "station_name": "Bhoras budrukh", "station_code": "BFJ" },
  { "station_name": "Bhortex", "station_code": "BRTK" },
  { "station_name": "Bhubaneswar", "station_code": "BBS" },
  { "station_name": "Bhuchchu", "station_code": "BCU" },
  { "station_name": "Bhugaon", "station_code": "BPK" },
  { "station_name": "Bhuj", "station_code": "BHUJ" },
  { "station_name": "Bhulanpur", "station_code": "BHLP" },
  { "station_name": "Bhulon", "station_code": "BLO" },
  { "station_name": "Bhupalsagar", "station_code": "BSJ" },
  { "station_name": "Bhupdeopur", "station_code": "BEF" },
  { "station_name": "Bhupia mau", "station_code": "VPO" },
  { "station_name": "Bhurkunda", "station_code": "BHKD" },
  { "station_name": "Bhusandpur", "station_code": "BSDP" },
  { "station_name": "Bhusaval jn", "station_code": "BSL" },
  { "station_name": "Bhutakia bhimsa", "station_code": "BUBR" },
  { "station_name": "Bhuteshwar", "station_code": "BTSR" },
  { "station_name": "Bibinagar", "station_code": "BN" },
  { "station_name": "BICHHUPALI", "station_code": "BHPI" },
  { "station_name": "Bichia", "station_code": "BIC" },
  { "station_name": "Bidadi", "station_code": "BID" },
  { "station_name": "Bidanpur", "station_code": "BDNP" },
  { "station_name": "Bidar", "station_code": "BIDR" },
  { "station_name": "Bidhan nagar", "station_code": "BNXR" },
  { "station_name": "Bigga", "station_code": "BIGA" },
  { "station_name": "Biggabas ramsar", "station_code": "BGRM" },
  { "station_name": "Bighapur", "station_code": "BQP" },
  { "station_name": "Bihar sharif", "station_code": "BEHS" },
  { "station_name": "Bihara", "station_code": "BHZ" },
  { "station_name": "Bihiya", "station_code": "BEA" },
  { "station_name": "Bihta", "station_code": "BTA" },
  { "station_name": "Bijainagar", "station_code": "BJNR" },
  { "station_name": "Bijapur", "station_code": "BJP" },
  { "station_name": "Bijaysota", "station_code": "VST" },
  { "station_name": "Bijni", "station_code": "BJF" },
  { "station_name": "Bijnor", "station_code": "BJO" },
  { "station_name": "Bijoor", "station_code": "BIJR" },
  { "station_name": "Bijora", "station_code": "BJK" },
  { "station_name": "Bijuli halt", "station_code": "BJIH" },
  { "station_name": "Bijuri", "station_code": "BJRI" },
  { "station_name": "Bijwasan", "station_code": "BWSN" },
  { "station_name": "Bikaner jn", "station_code": "BKN" },
  { "station_name": "Bikkavolu", "station_code": "BVL" },
  { "station_name": "Bikram shila", "station_code": "BKSL" },
  { "station_name": "Bikrampur", "station_code": "BMR" },
  { "station_name": "Bilaspur jn", "station_code": "BSP" },
  { "station_name": "Bilaspur road", "station_code": "BLQR" },
  { "station_name": "Bildi", "station_code": "BILD" },
  { "station_name": "Bileshwar", "station_code": "BLWR" },
  { "station_name": "Bilga", "station_code": "BZG" },
  { "station_name": "Bilhar ghat", "station_code": "BLG" },
  { "station_name": "Bilhaur", "station_code": "BLU" },
  { "station_name": "Bilimora jn", "station_code": "BIM" },
  { "station_name": "Bilkha", "station_code": "BILK" },
  { "station_name": "Billi", "station_code": "BXLL" },
  { "station_name": "Bilpur", "station_code": "BLPU" },
  { "station_name": "Bilwai", "station_code": "BWI" },
  { "station_name": "Bina jn", "station_code": "BINA" },
  { "station_name": "Bina malkhedi", "station_code": "MAKR" },
  { "station_name": "Binaiki", "station_code": "VNK" },
  { "station_name": "Binaur", "station_code": "BNAR" },
  { "station_name": "Bindayaka", "station_code": "BDYK" },
  { "station_name": "Bindki road", "station_code": "BKO" },
  { "station_name": "Binnaguri", "station_code": "BNV" },
  { "station_name": "Bir", "station_code": "BIR" },
  { "station_name": "Biradhwal", "station_code": "BDWL" },
  { "station_name": "Birambad", "station_code": "BAMA" },
  { "station_name": "Biramdih", "station_code": "BRMD" },
  { "station_name": "Birang khera", "station_code": "BMK" },
  { "station_name": "Birapatti", "station_code": "BRPT" },
  { "station_name": "BIRAUL", "station_code": "BIRL" },
  { "station_name": "Birbans", "station_code": "BRBS" },
  { "station_name": "Birlanagar", "station_code": "BLNR" },
  { "station_name": "Birmitrapur", "station_code": "BRMP" },
  { "station_name": "Birnagar", "station_code": "BIJ" },
  { "station_name": "Biroliya", "station_code": "BRLY" },
  { "station_name": "Birsinghpur", "station_code": "BRS" },
  { "station_name": "Birur jn", "station_code": "RRB" },
  { "station_name": "Bisalwas kalan", "station_code": "BIWK" },
  { "station_name": "Bisanattam", "station_code": "BSM" },
  { "station_name": "Bisapurkalan", "station_code": "BRKH" },
  { "station_name": "Bishengarh", "station_code": "BISH" },
  { "station_name": "Bishnathganj", "station_code": "BTJ" },
  { "station_name": "Bishnupur", "station_code": "VSU" },
  { "station_name": "Bishrampur", "station_code": "BSPR" },
  { "station_name": "Bisra", "station_code": "BZR" },
  { "station_name": "Bissamcuttack", "station_code": "BMCK" },
  { "station_name": "Bissau", "station_code": "BUB" },
  { "station_name": "Bisugirsharif", "station_code": "BGSF" },
  { "station_name": "Biswan", "station_code": "BVN" },
  { "station_name": "Bitragunta", "station_code": "BTTR" },
  { "station_name": "Biyavra rajgarh", "station_code": "BRRG" },
  { "station_name": "BMBY CHURCH GTE", "station_code": "CCG" },
  { "station_name": "Bobas", "station_code": "BOBS" },
  { "station_name": "Bobbili", "station_code": "VBL" },
  { "station_name": "Boddavara", "station_code": "BDVR" },
  { "station_name": "Bodhadi bujrug", "station_code": "BHBK" },
  { "station_name": "Bodhan", "station_code": "BDHN" },
  { "station_name": "Bodwad", "station_code": "BDWD" },
  { "station_name": "Bogolu", "station_code": "BVO" },
  { "station_name": "Bohali", "station_code": "BHLI" },
  { "station_name": "Bohani", "station_code": "BNE" },
  { "station_name": "Boinda", "station_code": "BONA" },
  { "station_name": "Boisar", "station_code": "BOR" },
  { "station_name": "Bojawas", "station_code": "BJWS" },
  { "station_name": "Bokajan", "station_code": "BXJ" },
  { "station_name": "Bokaro stl city", "station_code": "BKSC" },
  { "station_name": "Bokaro thermal", "station_code": "BKRO" },
  { "station_name": "Bolai", "station_code": "BLX" },
  { "station_name": "Bolarum", "station_code": "BMO" },
  { "station_name": "Bolarum bazar", "station_code": "BOZ" },
  { "station_name": "Bolda", "station_code": "BLC" },
  { "station_name": "Bolinna doaba", "station_code": "BLND" },
  { "station_name": "Bolpur s niktn", "station_code": "BHP" },
  { "station_name": "Bolsa", "station_code": "BLSA" },
  { "station_name": "Bomadra", "station_code": "BOM" },
  { "station_name": "Bombay masjid", "station_code": "MSD" },
  { "station_name": "Bommidi", "station_code": "BQI" },
  { "station_name": "Bona kalu", "station_code": "BKL" },
  { "station_name": "Bondamunda", "station_code": "BNDM" },
  { "station_name": "Bongaigaon", "station_code": "BNGN" },
  { "station_name": "Bonidanga", "station_code": "BDAG" },
  { "station_name": "Borawar", "station_code": "BOW" },
  { "station_name": "Bordhal", "station_code": "BXY" },
  { "station_name": "Bordi", "station_code": "BIO" },
  { "station_name": "Bordi road", "station_code": "BRRD" },
  { "station_name": "Borgaon", "station_code": "BGN" },
  { "station_name": "Borhat", "station_code": "BFD" },
  { "station_name": "Boribial", "station_code": "BRB" },
  { "station_name": "Boridand", "station_code": "BRND" },
  { "station_name": "Borivali", "station_code": "BVI" },
  { "station_name": "Boroti", "station_code": "BOT" },
  { "station_name": "Borraguhallu", "station_code": "BGHU" },
  { "station_name": "Bortalao", "station_code": "BTL" },
  { "station_name": "Borvihir", "station_code": "BRVR" },
  { "station_name": "Botad jn", "station_code": "BTD" },
  { "station_name": "Bpt station", "station_code": "XXXX" },
  { "station_name": "Brahmanagudem", "station_code": "BMGM" },
  { "station_name": "Brahmanpalli", "station_code": "BMPL" },
  { "station_name": "Brahmapur", "station_code": "BAM" },
  { "station_name": "Brajrajnagar", "station_code": "BRJN" },
  { "station_name": "Brayla chaurasi", "station_code": "BRLA" },
  { "station_name": "BRMH", "station_code": "BRMH" },
  { "station_name": "Budalur", "station_code": "BAL" },
  { "station_name": "Budaun", "station_code": "BEM" },
  { "station_name": "Buddireddippati", "station_code": "BDY" },
  { "station_name": "BUDGE BUDGE", "station_code": "BGB" },
  { "station_name": "Budhi", "station_code": "BDHY" },
  { "station_name": "Budhlada", "station_code": "BLZ" },
  { "station_name": "Budni", "station_code": "BNI" },
  { "station_name": "Budvel", "station_code": "BDVL" },
  { "station_name": "Bulandshahr", "station_code": "BSC" },
  { "station_name": "Bundi", "station_code": "BUDI" },
  { "station_name": "Bundki", "station_code": "BEK" },
  { "station_name": "Buniadpur", "station_code": "BNDP" },
  { "station_name": "Burgula halt", "station_code": "BRGL" },
  { "station_name": "Burhanpur", "station_code": "BAU" },
  { "station_name": "Burhar", "station_code": "BUH" },
  { "station_name": "Burhwal", "station_code": "BUW" },
  { "station_name": "Burnpur", "station_code": "BURN" },
  { "station_name": "Butari", "station_code": "BTR" },
  { "station_name": "Butewala", "station_code": "BWF" },
  { "station_name": "Buti bori", "station_code": "BTBR" },
  { "station_name": "Buxar", "station_code": "BXR" },
  { "station_name": "BXT", "station_code": "BXT" },
  { "station_name": "Byadarahalli", "station_code": "BDRL" },
  { "station_name": "Byadgi", "station_code": "BYD" }
]
