[
  { "station_name": "C shahumharaj t", "station_code": "KOP" },
  { "station_name": "CABN", "station_code": "CABN" },
  { "station_name": "Cancona", "station_code": "CNO" },
  { "station_name": "CANNING", "station_code": "CG" },
  { "station_name": "Cansaulim", "station_code": "CSM" },
  { "station_name": "Carmelaram", "station_code": "CRLM" },
  { "station_name": "Castle rock", "station_code": "CLR" },
  { "station_name": "Cavalry barrcks", "station_code": "CVB" },
  { "station_name": "Chabua", "station_code": "CHB" },
  { "station_name": "Chachaura bngj", "station_code": "CBK" },
  { "station_name": "Chacher", "station_code": "CHCR" },
  { "station_name": "Chagallu", "station_code": "CU" },
  { "station_name": "Chaibasa", "station_code": "CBSA" },
  { "station_name": "Chainpur", "station_code": "CNPR" },
  { "station_name": "Chainwa", "station_code": "CW" },
  { "station_name": "Chajawa", "station_code": "CJW" },
  { "station_name": "Chajli", "station_code": "CJL" },
  { "station_name": "Chakand", "station_code": "CKH" },
  { "station_name": "Chakarbhatha", "station_code": "CHBT" },
  { "station_name": "Chakarlapalli", "station_code": "CPL" },
  { "station_name": "Chakarpur", "station_code": "CKK" },
  { "station_name": "Chakdaha", "station_code": "CDH" },
  { "station_name": "Chakdayala", "station_code": "CKDL" },
  { "station_name": "Chakia", "station_code": "CAA" },
  { "station_name": "Chakki bank", "station_code": "CHKB" },
  { "station_name": "Chakradharpur", "station_code": "CKP" },
  { "station_name": "Chakraj mal", "station_code": "CAJ" },
  { "station_name": "Chakrod", "station_code": "CKOD" },
  { "station_name": "Chaksu", "station_code": "CKS" },
  { "station_name": "Chakulia", "station_code": "CKU" },
  { "station_name": "Chakur", "station_code": "CKX" },
  { "station_name": "Chalakudi", "station_code": "CKI" },
  { "station_name": "Chalala", "station_code": "CLC" },
  { "station_name": "Chalama", "station_code": "CMZ" },
  { "station_name": "Chalgeri", "station_code": "CLI" },
  { "station_name": "Chalisgaon jn", "station_code": "CSN" },
  { "station_name": "Challakere", "station_code": "CHKE" },
  { "station_name": "Challavaripalle", "station_code": "CLPE" },
  { "station_name": "Chalsa jn", "station_code": "CLD" },
  { "station_name": "Chalthan", "station_code": "CHM" },
  { "station_name": "Chamagram", "station_code": "CMX" },
  { "station_name": "Chamaraj", "station_code": "CJR" },
  { "station_name": "Chamarajanagar", "station_code": "CMNR" },
  { "station_name": "Chamarajapuram", "station_code": "CMJ" },
  { "station_name": "Champa", "station_code": "CPH" },
  { "station_name": "CHAMPAHATI", "station_code": "CHT" },
  { "station_name": "Champaner rd jn", "station_code": "CPN" },
  { "station_name": "Chand siau", "station_code": "CPS" },
  { "station_name": "Chanda fort", "station_code": "CAF" },
  { "station_name": "Chandan nagar", "station_code": "CGR" },
  { "station_name": "Chandanattop", "station_code": "CTPE" },
  { "station_name": "CHANDANPUR", "station_code": "CDAE" },
  { "station_name": "Chandar", "station_code": "CNR" },
  { "station_name": "Chandari", "station_code": "CNBI" },
  { "station_name": "Chandauli mjhwr", "station_code": "CDMR" },
  { "station_name": "Chandausi jn", "station_code": "CH" },
  { "station_name": "Chandawal", "station_code": "CNL" },
  { "station_name": "Chanderiya", "station_code": "CNA" },
  { "station_name": "Chandi mandir", "station_code": "CNDM" },
  { "station_name": "Chandia road", "station_code": "CHD" },
  { "station_name": "Chandigarh", "station_code": "CDG" },
  { "station_name": "Chandil jn", "station_code": "CNI" },
  { "station_name": "Chandiposi", "station_code": "CPE" },
  { "station_name": "Chandisar", "station_code": "CDS" },
  { "station_name": "Chandkhira bagn", "station_code": "CHBN" },
  { "station_name": "Chandlodiya", "station_code": "CLDY" },
  { "station_name": "Chandok", "station_code": "CNK" },
  { "station_name": "Chandpara", "station_code": "CDP" },
  { "station_name": "Chandragiri", "station_code": "CGI" },
  { "station_name": "Chandrakona rd", "station_code": "CDGR" },
  { "station_name": "Chandranathpur", "station_code": "CNE" },
  { "station_name": "Chandrapur", "station_code": "CD" },
  { "station_name": "Chandrapura jn", "station_code": "CRP" },
  { "station_name": "Chandresal", "station_code": "CDSL" },
  { "station_name": "Chandur", "station_code": "CND" },
  { "station_name": "Chandur bazar", "station_code": "CNDB" },
  { "station_name": "Chaneti", "station_code": "CHTI" },
  { "station_name": "Changanaseri", "station_code": "CGY" },
  { "station_name": "Changotola", "station_code": "CGLA" },
  { "station_name": "Changsari", "station_code": "CGS" },
  { "station_name": "Channani", "station_code": "CHNN" },
  { "station_name": "Channapatna", "station_code": "CPT" },
  { "station_name": "Chanol", "station_code": "CX" },
  { "station_name": "Chanpatia", "station_code": "CAI" },
  { "station_name": "Chaparmukh jn", "station_code": "CPK" },
  { "station_name": "Charamula kusum", "station_code": "CJS" },
  { "station_name": "Charanmahadevi", "station_code": "SMD" },
  { "station_name": "Charaud", "station_code": "CRW" },
  { "station_name": "Charbatia", "station_code": "CBT" },
  { "station_name": "Charbhuja road", "station_code": "CBG" },
  { "station_name": "Charegaon", "station_code": "CRN" },
  { "station_name": "Chargola", "station_code": "CGX" },
  { "station_name": "Charkhari road", "station_code": "CRC" },
  { "station_name": "Charkhi dadri", "station_code": "CKD" },
  { "station_name": "Charlapalli", "station_code": "CHZ" },
  { "station_name": "Charvattur", "station_code": "CHV" },
  { "station_name": "Chata", "station_code": "CHJ" },
  { "station_name": "Chatra", "station_code": "CTR" },
  { "station_name": "Chatrappatti", "station_code": "CHPT" },
  { "station_name": "Chatrapur", "station_code": "CAP" },
  { "station_name": "Chattriput", "station_code": "CTS" },
  { "station_name": "Chau mahla", "station_code": "CMU" },
  { "station_name": "Chaube", "station_code": "CBH" },
  { "station_name": "Chauk", "station_code": "CHOK" },
  { "station_name": "CHAUKHANDI", "station_code": "CHH" },
  { "station_name": "Chaunrah", "station_code": "CNH" },
  { "station_name": "Chaura", "station_code": "CUX" },
  { "station_name": "Chaurakheri", "station_code": "CRKR" },
  { "station_name": "Chaure bazar", "station_code": "CHBR" },
  { "station_name": "Chauri chaura", "station_code": "CC" },
  { "station_name": "Chausa", "station_code": "CSA" },
  { "station_name": "Chautara", "station_code": "CROA" },
  { "station_name": "Chauth ka brwra", "station_code": "CKB" },
  { "station_name": "Chavaj", "station_code": "CVJ" },
  { "station_name": "Chavalkhede", "station_code": "CHLK" },
  { "station_name": "Chawapall", "station_code": "CHA" },
  { "station_name": "Chebrol", "station_code": "CEL" },
  { "station_name": "Chekate g palem", "station_code": "CEM" },
  { "station_name": "Chemancheri", "station_code": "CMC" },
  { "station_name": "Chengalpattu", "station_code": "CGL" },
  { "station_name": "Chengannur", "station_code": "CNGR" },
  { "station_name": "Chennai beach", "station_code": "MSB" },
  { "station_name": "Chennai central", "station_code": "MAS" },
  { "station_name": "Chennai egmore", "station_code": "MS" },
  { "station_name": "Chennasandra", "station_code": "CSDR" },
  { "station_name": "Cheoki", "station_code": "COI" },
  { "station_name": "Cheriyanad", "station_code": "CYN" },
  { "station_name": "Cherukara", "station_code": "CQA" },
  { "station_name": "Chetar", "station_code": "CTQ" },
  { "station_name": "Chettinad", "station_code": "CTND" },
  { "station_name": "Chhabra gugor", "station_code": "CAG" },
  { "station_name": "Chhan arorian", "station_code": "CHNR" },
  { "station_name": "Chhandrauli", "station_code": "CDRL" },
  { "station_name": "Chhanera", "station_code": "CAER" },
  { "station_name": "Chhansara", "station_code": "CASA" },
  { "station_name": "Chhapi", "station_code": "CHP" },
  { "station_name": "Chhapra", "station_code": "CPR" },
  { "station_name": "Chhapra kacheri", "station_code": "CI" },
  { "station_name": "Chharodi", "station_code": "CE" },
  { "station_name": "Chharra", "station_code": "CHRA" },
  { "station_name": "Chhatna", "station_code": "CJN" },
  { "station_name": "Chhindwara jn", "station_code": "CWA" },
  { "station_name": "Chhipadohar", "station_code": "CPDR" },
  { "station_name": "CHHOTA UDEPUR", "station_code": "CTD" },
  { "station_name": "Chhoti odai", "station_code": "COO" },
  { "station_name": "Chhulha", "station_code": "CLF" },
  { "station_name": "Chianki", "station_code": "CNF" },
  { "station_name": "Chichaki", "station_code": "CCK" },
  { "station_name": "Chidambaram", "station_code": "CDM" },
  { "station_name": "Chigicherla", "station_code": "CCA" },
  { "station_name": "Chiheru", "station_code": "CEU" },
  { "station_name": "Chik ballapur", "station_code": "CBP" },
  { "station_name": "Chik banavar", "station_code": "BAW" },
  { "station_name": "Chikalthan", "station_code": "CTH" },
  { "station_name": "Chikhli", "station_code": "CKHS" },
  { "station_name": "Chikjajur jn", "station_code": "JRU" },
  { "station_name": "CHIKKABENAKAL", "station_code": "CKBK" },
  { "station_name": "Chikni road", "station_code": "CKNI" },
  { "station_name": "Chikodi road", "station_code": "CKR" },
  { "station_name": "Chilakalapudi", "station_code": "CLU" },
  { "station_name": "Chilbila jn", "station_code": "CIL" },
  { "station_name": "Chilikidara", "station_code": "CLDR" },
  { "station_name": "Chilka", "station_code": "CLKA" },
  { "station_name": "Chilkahar", "station_code": "CHR" },
  { "station_name": "Chilo", "station_code": "CLO" },
  { "station_name": "Chiluvur", "station_code": "CLVR" },
  { "station_name": "Chimalpahad", "station_code": "CMW" },
  { "station_name": "Chimidipalli", "station_code": "CMDP" },
  { "station_name": "Chinchli", "station_code": "CNC" },
  { "station_name": "Chinchpada", "station_code": "CPD" },
  { "station_name": "Chinchvad", "station_code": "CCH" },
  { "station_name": "Chinna ganjam", "station_code": "CJM" },
  { "station_name": "Chinna salem", "station_code": "CHSM" },
  { "station_name": "Chinnaravuru", "station_code": "CIV" },
  { "station_name": "Chinnekuntapali", "station_code": "CCI" },
  { "station_name": "Chinpai", "station_code": "CPLE" },
  { "station_name": "Chintalpalli", "station_code": "CLE" },
  { "station_name": "Chintaman ganes", "station_code": "CNN" },
  { "station_name": "Chiplun", "station_code": "CHI" },
  { "station_name": "Chipurupalle", "station_code": "CPP" },
  { "station_name": "Chirai bg", "station_code": "CHIB" },
  { "station_name": "CHIRAIDONGRI", "station_code": "CID" },
  { "station_name": "Chirala", "station_code": "CLX" },
  { "station_name": "Chirawa", "station_code": "CRWA" },
  { "station_name": "Chirayinkil", "station_code": "CRY" },
  { "station_name": "Chirgaon", "station_code": "CGN" },
  { "station_name": "Chirmiri", "station_code": "CHRM" },
  { "station_name": "Chit baragaon", "station_code": "CBN" },
  { "station_name": "Chitahra", "station_code": "CTHR" },
  { "station_name": "Chital", "station_code": "CTL" },
  { "station_name": "Chitali", "station_code": "CIT" },
  { "station_name": "Chitgidda", "station_code": "CTF" },
  { "station_name": "Chitradurg", "station_code": "CTA" },
  { "station_name": "Chitrakot", "station_code": "CKTD" },
  { "station_name": "Chitrapur (h)", "station_code": "CTTP" },
  { "station_name": "Chitrasani", "station_code": "CTT" },
  { "station_name": "Chitrawad", "station_code": "CTRD" },
  { "station_name": "Chitrod", "station_code": "COE" },
  { "station_name": "Chittapur", "station_code": "CT" },
  { "station_name": "Chittaranjan", "station_code": "CRJ" },
  { "station_name": "Chittaurgarh", "station_code": "COR" },
  { "station_name": "Chittoor", "station_code": "CTO" },
  { "station_name": "Chityala", "station_code": "CTYL" },
  { "station_name": "Chodiala", "station_code": "CDL" },
  { "station_name": "Choki sorath", "station_code": "CKE" },
  { "station_name": "Chola", "station_code": "CHL" },
  { "station_name": "Cholang", "station_code": "CGH" },
  { "station_name": "Chomun samod", "station_code": "COM" },
  { "station_name": "Chondi", "station_code": "CWI" },
  { "station_name": "Chopan", "station_code": "CPU" },
  { "station_name": "Choral", "station_code": "CRL" },
  { "station_name": "Chorghatpiparia", "station_code": "CRE" },
  { "station_name": "Chorgi", "station_code": "CHRG" },
  { "station_name": "Chorvad road", "station_code": "CVR" },
  { "station_name": "Choti khatu", "station_code": "CTKT" },
  { "station_name": "Choupale", "station_code": "CUE" },
  { "station_name": "Chovvara", "station_code": "CWR" },
  { "station_name": "Chuchura", "station_code": "CNS" },
  { "station_name": "Chuda", "station_code": "CDA" },
  { "station_name": "Chudawa", "station_code": "CRU" },
  { "station_name": "Chunar", "station_code": "CAR" },
  { "station_name": "Churaibari", "station_code": "CBZ" },
  { "station_name": "Churk", "station_code": "CUK" },
  { "station_name": "Churu", "station_code": "CUR" },
  { "station_name": "Cinnamara", "station_code": "CMA" },
  { "station_name": "Clutterbuckganj", "station_code": "CBJ" },
  { "station_name": "CMGR", "station_code": "CMGR" },
  { "station_name": "Cochin hrbr tms", "station_code": "CHTS" },
  { "station_name": "Coimbatore jn", "station_code": "CBE" },
  { "station_name": "Coimbatore nrth", "station_code": "CBF" },
  { "station_name": "Colonelganj", "station_code": "CLJ" },
  { "station_name": "Contai road", "station_code": "CNT" },
  { "station_name": "Cooch behar", "station_code": "COB" },
  { "station_name": "Coonoor", "station_code": "ONR" },
  { "station_name": "Cossimbazar", "station_code": "CSZ" },
  { "station_name": "Cuddalore port", "station_code": "CUPJ" },
  { "station_name": "Cuddapah", "station_code": "HX" },
  { "station_name": "Cumbum", "station_code": "CBM" },
  { "station_name": "Cuttack", "station_code": "CTC" }
]
