[
  { "station_name": "Dabhaura", "station_code": "DBR" },
  { "station_name": "Dabhoda", "station_code": "DBO" },
  { "station_name": "Dabhoi jn", "station_code": "DB" },
  { "station_name": "Dabilpur", "station_code": "DBV" },
  { "station_name": "Dabirpura", "station_code": "DQR" },
  { "station_name": "Dabka", "station_code": "DBKA" },
  { "station_name": "Dabla", "station_code": "DBLA" },
  { "station_name": "Dabli rathan", "station_code": "DBI" },
  { "station_name": "Dabolim", "station_code": "DBM" },
  { "station_name": "Dabpal", "station_code": "DBF" },
  { "station_name": "Dabra", "station_code": "DBA" },
  { "station_name": "Dabtara", "station_code": "DUB" },
  { "station_name": "Dadar", "station_code": "DDR" },
  { "station_name": "Dadar", "station_code": "DR" },
  { "station_name": "Dadhapara", "station_code": "DPH" },
  { "station_name": "Dadhdevi", "station_code": "DDV" },
  { "station_name": "Dadpur", "station_code": "DPX" },
  { "station_name": "Dadri", "station_code": "DER" },
  { "station_name": "Daghora", "station_code": "DAO" },
  { "station_name": "Dagori", "station_code": "DGS" },
  { "station_name": "Dahanu road", "station_code": "DRD" },
  { "station_name": "Dahar ka balaji", "station_code": "DKBJ" },
  { "station_name": "Dahina zainabad", "station_code": "DZB" },
  { "station_name": "Dahod", "station_code": "DHD" },
  { "station_name": "Dakaniya talav", "station_code": "DKNT" },
  { "station_name": "Dakhineswar", "station_code": "DAKE" },
  { "station_name": "Dakor", "station_code": "DK" },
  { "station_name": "Daladi", "station_code": "DL" },
  { "station_name": "Dalauda", "station_code": "DLD" },
  { "station_name": "Dalbhumgarh", "station_code": "DVM" },
  { "station_name": "Dalelnagar", "station_code": "DLQ" },
  { "station_name": "Dalgaon", "station_code": "DLO" },
  { "station_name": "Daliganj", "station_code": "DAL" },
  { "station_name": "Dalkolha", "station_code": "DLK" },
  { "station_name": "Dalli rajhara", "station_code": "DRZ" },
  { "station_name": "Dalmau jn", "station_code": "DMW" },
  { "station_name": "Dalmera", "station_code": "DLC" },
  { "station_name": "Dalpatpur", "station_code": "DLP" },
  { "station_name": "Dalsingh sarai", "station_code": "DSS" },
  { "station_name": "Daltonganj", "station_code": "DTO" },
  { "station_name": "Damalcheruvu", "station_code": "DCU" },
  { "station_name": "Damanjodi", "station_code": "DMNJ" },
  { "station_name": "Damchara", "station_code": "DCA" },
  { "station_name": "Damnagar", "station_code": "DME" },
  { "station_name": "Damoh", "station_code": "DMO" },
  { "station_name": "Danapur", "station_code": "DNR" },
  { "station_name": "Danauli phlwria", "station_code": "DPL" },
  { "station_name": "Dandupur", "station_code": "DND" },
  { "station_name": "Danea", "station_code": "DNEA" },
  { "station_name": "DANGARI", "station_code": "DNGI" },
  { "station_name": "Dangarwa", "station_code": "DNW" },
  { "station_name": "Dangoaposi", "station_code": "DPS" },
  { "station_name": "Danishpet", "station_code": "DSPT" },
  { "station_name": "Daniyawan bzr h", "station_code": "DNWH" },
  { "station_name": "Dankaur", "station_code": "DKDE" },
  { "station_name": "Dankuni", "station_code": "DKAE" },
  { "station_name": "Dantan", "station_code": "DNT" },
  { "station_name": "Dantewara", "station_code": "DWZ" },
  { "station_name": "Dantra", "station_code": "DTRA" },
  { "station_name": "Danwar", "station_code": "DAR" },
  { "station_name": "Daotuhaja", "station_code": "DJA" },
  { "station_name": "Dapodi", "station_code": "DAPD" },
  { "station_name": "Dappar", "station_code": "DHPR" },
  { "station_name": "Dara", "station_code": "DARA" },
  { "station_name": "Daraganj", "station_code": "DRGJ" },
  { "station_name": "Darbhanga jn", "station_code": "DBG" },
  { "station_name": "Darekasa", "station_code": "DKS" },
  { "station_name": "Darjeeling", "station_code": "DJ" },
  { "station_name": "Darliput", "station_code": "DPC" },
  { "station_name": "Darritola", "station_code": "DTL" },
  { "station_name": "Daryabad", "station_code": "DYD" },
  { "station_name": "Daryaogonj", "station_code": "DRO" },
  { "station_name": "Daryapur", "station_code": "DYP" },
  { "station_name": "Dasharathpur", "station_code": "DRTP" },
  { "station_name": "Dasna", "station_code": "DS" },
  { "station_name": "Dasuya", "station_code": "DZA" },
  { "station_name": "Datia", "station_code": "DAA" },
  { "station_name": "Dativli", "station_code": "DTVL" },
  { "station_name": "DATTAPUKUR", "station_code": "DTK" },
  { "station_name": "Daudpur", "station_code": "DDP" },
  { "station_name": "Daulatabad", "station_code": "DLB" },
  { "station_name": "Daulatpur hat", "station_code": "DLPH" },
  { "station_name": "Daund jn", "station_code": "DD" },
  { "station_name": "Daurai", "station_code": "DOZ" },
  { "station_name": "Daurala", "station_code": "DRLA" },
  { "station_name": "Dauram madhpura", "station_code": "DMH" },
  { "station_name": "Dausa", "station_code": "DO" },
  { "station_name": "Dausni", "station_code": "DSNI" },
  { "station_name": "Davangere", "station_code": "DVG" },
  { "station_name": "Dayalpur", "station_code": "DLPR" },
  { "station_name": "Dayanand nagar", "station_code": "DYE" },
  { "station_name": "DDG", "station_code": "DDG" },
  { "station_name": "DDU", "station_code": "DDU" },
  { "station_name": "Debagram", "station_code": "DEB" },
  { "station_name": "Debari", "station_code": "DRB" },
  { "station_name": "Debipur", "station_code": "DBP" },
  { "station_name": "Deeg", "station_code": "DEEG" },
  { "station_name": "Degana jn", "station_code": "DNA" },
  { "station_name": "Dehradun", "station_code": "DDN" },
  { "station_name": "Dehri on sone", "station_code": "DOS" },
  { "station_name": "Dehu road", "station_code": "DEHR" },
  { "station_name": "Dekargaon", "station_code": "DKGN" },
  { "station_name": "Delang", "station_code": "DEG" },
  { "station_name": "Delhi", "station_code": "DLI" },
  { "station_name": "DELHI CANTT", "station_code": "DEC" },
  { "station_name": "Delhi kishangnj", "station_code": "DKZ" },
  { "station_name": "Delhi s rohilla", "station_code": "DEE" },
  { "station_name": "Delhi safdarjng", "station_code": "DSJ" },
  { "station_name": "Delhi shahdara", "station_code": "DSA" },
  { "station_name": "Delvada", "station_code": "DVA" },
  { "station_name": "Demu", "station_code": "DEMU" },
  { "station_name": "Denduluru", "station_code": "DEL" },
  { "station_name": "Deoband", "station_code": "DBD" },
  { "station_name": "Deogan road", "station_code": "DFR" },
  { "station_name": "Deoghar", "station_code": "DGHR" },
  { "station_name": "Deojhar", "station_code": "DJHR" },
  { "station_name": "Deori", "station_code": "DOE" },
  { "station_name": "Deoria sadar", "station_code": "DEOS" },
  { "station_name": "Deotala", "station_code": "DOTL" },
  { "station_name": "Depalsar", "station_code": "DEP" },
  { "station_name": "Depur ph", "station_code": "DPUR" },
  { "station_name": "DERABABA NANAK", "station_code": "DBNK" },
  { "station_name": "Derol", "station_code": "DRL" },
  { "station_name": "Derowan p. H.", "station_code": "DRWN" },
  { "station_name": "Desari", "station_code": "DES" },
  { "station_name": "Deshapran p.h.", "station_code": "DSPN" },
  { "station_name": "Deshnok", "station_code": "DSO" },
  { "station_name": "Deswal", "station_code": "DSL" },
  { "station_name": "Devakottai road", "station_code": "DKO" },
  { "station_name": "Devalgaon auchr", "station_code": "DAV" },
  { "station_name": "Devaliya", "station_code": "DVY" },
  { "station_name": "Devangonthi", "station_code": "DKN" },
  { "station_name": "Devarapalli", "station_code": "DPE" },
  { "station_name": "Devargudda", "station_code": "DAD" },
  { "station_name": "Devarkadre", "station_code": "DKC" },
  { "station_name": "Devbaloda chrda", "station_code": "DBEC" },
  { "station_name": "Devgam", "station_code": "DVGM" },
  { "station_name": "Devgarh madriya", "station_code": "DOHM" },
  { "station_name": "Devi halt", "station_code": "DVH" },
  { "station_name": "Devlali", "station_code": "DVL" },
  { "station_name": "Devpura", "station_code": "DPZ" },
  { "station_name": "Devri p.h", "station_code": "DRPH" },
  { "station_name": "Dewalgaon", "station_code": "DEW" },
  { "station_name": "Dewanganj", "station_code": "DWG" },
  { "station_name": "Dewas", "station_code": "DWX" },
  { "station_name": "DGFJ", "station_code": "DGFJ" },
  { "station_name": "DH", "station_code": "DH" },
  { "station_name": "Dhaban", "station_code": "DABN" },
  { "station_name": "Dhaca cantt", "station_code": "DHCA" },
  { "station_name": "Dhaka", "station_code": "DAKA" },
  { "station_name": "Dhalaibil", "station_code": "DQL" },
  { "station_name": "Dhalgaon", "station_code": "DLGN" },
  { "station_name": "Dhamalgaon", "station_code": "DMGN" },
  { "station_name": "Dhamangaon", "station_code": "DMN" },
  { "station_name": "Dhamara ghat", "station_code": "DHT" },
  { "station_name": "Dhamdhamia", "station_code": "DDX" },
  { "station_name": "Dhamni", "station_code": "DNE" },
  { "station_name": "Dhamora", "station_code": "DAM" },
  { "station_name": "Dhampur", "station_code": "DPR" },
  { "station_name": "Dhamtari", "station_code": "DTR" },
  { "station_name": "Dhamua", "station_code": "DMU" },
  { "station_name": "Dhana kherli", "station_code": "DXK" },
  { "station_name": "Dhanakwada", "station_code": "DKW" },
  { "station_name": "Dhanakya", "station_code": "DNK" },
  { "station_name": "Dhanapur orissa", "station_code": "DIR" },
  { "station_name": "Dhanauri", "station_code": "DNRE" },
  { "station_name": "Dhanbad jn", "station_code": "DHN" },
  { "station_name": "Dhandari kalan", "station_code": "DDL" },
  { "station_name": "Dhandhera", "station_code": "DNRA" },
  { "station_name": "Dhandhuka", "station_code": "DCK" },
  { "station_name": "Dhanera", "station_code": "DQN" },
  { "station_name": "Dhaneta", "station_code": "DAN" },
  { "station_name": "Dhanmandal", "station_code": "DNM" },
  { "station_name": "Dhansu", "station_code": "DNX" },
  { "station_name": "Dhanuvachapuram", "station_code": "DAVM" },
  { "station_name": "Dhapewara", "station_code": "DPW" },
  { "station_name": "Dharampur", "station_code": "DMPR" },
  { "station_name": "Dharangaon", "station_code": "DXG" },
  { "station_name": "Dhareshwar", "station_code": "DRS" },
  { "station_name": "Dharewada", "station_code": "DRW" },
  { "station_name": "Dharhara", "station_code": "DRH" },
  { "station_name": "Dhari jn", "station_code": "DARI" },
  { "station_name": "Dhariwal", "station_code": "DHW" },
  { "station_name": "Dharmabad", "station_code": "DAB" },
  { "station_name": "Dharmanagar", "station_code": "DMR" },
  { "station_name": "Dharmapuri", "station_code": "DPJ" },
  { "station_name": "Dharmavaram jn", "station_code": "DMM" },
  { "station_name": "Dharmpur hmchl", "station_code": "DMP" },
  { "station_name": "Dharnaoda", "station_code": "DHR" },
  { "station_name": "Dharuadihi", "station_code": "DIH" },
  { "station_name": "Dharur", "station_code": "DRR" },
  { "station_name": "Dharwar", "station_code": "DWR" },
  { "station_name": "Dhasa jn", "station_code": "DAS" },
  { "station_name": "Dhatrigram", "station_code": "DTAE" },
  { "station_name": "Dhaulpur", "station_code": "DHO" },
  { "station_name": "Dhauni", "station_code": "DWLE" },
  { "station_name": "Dhaura", "station_code": "DUA" },
  { "station_name": "Dhavalas", "station_code": "DHS" },
  { "station_name": "Dheena", "station_code": "DHA" },
  { "station_name": "Dhekiajili road", "station_code": "DKJR" },
  { "station_name": "Dhekvad", "station_code": "DWD" },
  { "station_name": "Dhemaji", "station_code": "DMC" },
  { "station_name": "Dhengli pp goan", "station_code": "DGPP" },
  { "station_name": "Dhenkanal", "station_code": "DNKL" },
  { "station_name": "DHH", "station_code": "DHH" },
  { "station_name": "Dhigawara", "station_code": "DGW" },
  { "station_name": "Dhilwan", "station_code": "DIW" },
  { "station_name": "Dhinda", "station_code": "DHND" },
  { "station_name": "Dhinoj", "station_code": "DHJ" },
  { "station_name": "Dhirera", "station_code": "DHRR" },
  { "station_name": "Dhirganj", "station_code": "DHRJ" },
  { "station_name": "Dhodhar", "station_code": "DOD" },
  { "station_name": "Dhodra mohar", "station_code": "DOH" },
  { "station_name": "Dhoki", "station_code": "DKY" },
  { "station_name": "Dhola jn", "station_code": "DLJ" },
  { "station_name": "Dholi", "station_code": "DOL" },
  { "station_name": "Dholka", "station_code": "DOK" },
  { "station_name": "Dhondi", "station_code": "DNDI" },
  { "station_name": "Dhone", "station_code": "DHNE" },
  { "station_name": "Dhone", "station_code": "DNC" },
  { "station_name": "Dhoraji", "station_code": "DJI" },
  { "station_name": "Dhrangdhra", "station_code": "DHG" },
  { "station_name": "Dhuankheri", "station_code": "DKRA" },
  { "station_name": "Dhubri", "station_code": "DBB" },
  { "station_name": "Dhubulia", "station_code": "DHU" },
  { "station_name": "Dhule", "station_code": "DHI" },
  { "station_name": "Dhulghat", "station_code": "DGT" },
  { "station_name": "Dhulian ganga", "station_code": "DGLE" },
  { "station_name": "Dhulkot", "station_code": "DKT" },
  { "station_name": "Dhupguri", "station_code": "DQG" },
  { "station_name": "Dhuri jn", "station_code": "DUI" },
  { "station_name": "Dhurwasin", "station_code": "DRSN" },
  { "station_name": "Dhutra", "station_code": "DTV" },
  { "station_name": "Dibrugarh", "station_code": "DBRG" },
  { "station_name": "Dibrugarh town", "station_code": "DBRT" },
  { "station_name": "Dichpalli", "station_code": "DHP" },
  { "station_name": "Didwana", "station_code": "DIA" },
  { "station_name": "Digaru", "station_code": "DGU" },
  { "station_name": "Digboi", "station_code": "DBY" },
  { "station_name": "Digha flag stn", "station_code": "DGHA" },
  { "station_name": "Dighwara", "station_code": "DGA" },
  { "station_name": "Digod", "station_code": "DXD" },
  { "station_name": "Digsar", "station_code": "DXR" },
  { "station_name": "Diguvametta", "station_code": "DMT" },
  { "station_name": "Dihakho", "station_code": "DKE" },
  { "station_name": "Dijaobra", "station_code": "DJB" },
  { "station_name": "Dilawarnagar", "station_code": "DIL" },
  { "station_name": "Dildarnagar jn", "station_code": "DLN" },
  { "station_name": "Dilmili", "station_code": "DMK" },
  { "station_name": "Dimapur", "station_code": "DMV" },
  { "station_name": "Dina nagar", "station_code": "DNN" },
  { "station_name": "Dinagaon", "station_code": "DIQ" },
  { "station_name": "Dindigul jn", "station_code": "DG" },
  { "station_name": "Ding", "station_code": "DING" },
  { "station_name": "Dinkar gram sim", "station_code": "DKGS" },
  { "station_name": "Diphu", "station_code": "DPU" },
  { "station_name": "Disa", "station_code": "DISA" },
  { "station_name": "Ditokcherra", "station_code": "DTC" },
  { "station_name": "Diva", "station_code": "DIVA" },
  { "station_name": "Divine nagar", "station_code": "DINR" },
  { "station_name": "Diviti palli", "station_code": "DTP" },
  { "station_name": "Diwankhavati", "station_code": "DWV" },
  { "station_name": "Diyatara road", "station_code": "DTRD" },
  { "station_name": "Diyodar", "station_code": "DEOR" },
  { "station_name": "Dobhi", "station_code": "DHE" },
  { "station_name": "Dodballapur", "station_code": "DBU" },
  { "station_name": "Dodbele", "station_code": "DBL" },
  { "station_name": "Dohrighat", "station_code": "DIT" },
  { "station_name": "Doikallu", "station_code": "DKLU" },
  { "station_name": "Doiwala", "station_code": "DWO" },
  { "station_name": "Dolaji ka khera", "station_code": "DJKR" },
  { "station_name": "Dombivili", "station_code": "DI" },
  { "station_name": "Domingarh", "station_code": "DMG" },
  { "station_name": "DOMVIVALI CONTROL CA", "station_code": "DDCL" },
  { "station_name": "Donakonda", "station_code": "DKD" },
  { "station_name": "Dondaicha", "station_code": "DDE" },
  { "station_name": "Dongargaon", "station_code": "DGN" },
  { "station_name": "Dongargarh", "station_code": "DGG" },
  { "station_name": "Donkinavalasa", "station_code": "DNV" },
  { "station_name": "Doraha", "station_code": "DOA" },
  { "station_name": "Doravart chtram", "station_code": "DVR" },
  { "station_name": "Dornakal jn", "station_code": "DKJ" },
  { "station_name": "Dosvada", "station_code": "DSD" },
  { "station_name": "DR AMBEDKAR NAGAR", "station_code": "DADN" },
  { "station_name": "Dubaha", "station_code": "DUBH" },
  { "station_name": "Dubia", "station_code": "DBW" },
  { "station_name": "Dubrajpur", "station_code": "DUJ" },
  { "station_name": "Duddhinagar", "station_code": "DXN" },
  { "station_name": "Dudhani", "station_code": "DUD" },
  { "station_name": "Dudhia khurd", "station_code": "DYK" },
  { "station_name": "DUDHNOI", "station_code": "DDNI" },
  { "station_name": "Dudwindi", "station_code": "DDY" },
  { "station_name": "Duganpur", "station_code": "DUN" },
  { "station_name": "Duggirala", "station_code": "DIG" },
  { "station_name": "Duliajan", "station_code": "DJG" },
  { "station_name": "DULLABCHERRA", "station_code": "DLCR" },
  { "station_name": "Dullahapur", "station_code": "DLR" },
  { "station_name": "Dum dum", "station_code": "DDJ" },
  { "station_name": "Dum dum cant", "station_code": "DDC" },
  { "station_name": "Dum duma town", "station_code": "DUT" },
  { "station_name": "Dumariya", "station_code": "DY" },
  { "station_name": "Dumka", "station_code": "DUMK" },
  { "station_name": "Dumraon", "station_code": "DURE" },
  { "station_name": "Dumri bihar", "station_code": "DMBR" },
  { "station_name": "Dumri halt", "station_code": "DMRX" },
  { "station_name": "Dumri juara", "station_code": "DRI" },
  { "station_name": "Dumurdaha", "station_code": "DMLE" },
  { "station_name": "Dumuriput", "station_code": "DMRT" },
  { "station_name": "Dundi", "station_code": "DDCE" },
  { "station_name": "Dundlod mkdgrh", "station_code": "DOB" },
  { "station_name": "Dungar jn", "station_code": "DGJ" },
  { "station_name": "Dungarpur", "station_code": "DNRP" },
  { "station_name": "Dungri", "station_code": "DGI" },
  { "station_name": "Dungripali", "station_code": "DJX" },
  { "station_name": "Dupadu", "station_code": "DUU" },
  { "station_name": "Duraundha jn", "station_code": "DDA" },
  { "station_name": "Durg", "station_code": "DURG" },
  { "station_name": "Durgada gate", "station_code": "DGDG" },
  { "station_name": "Durgapur", "station_code": "DGR" },
  { "station_name": "Durgapura", "station_code": "DPA" },
  { "station_name": "Durgauti", "station_code": "DGO" },
  { "station_name": "Duroji", "station_code": "DAJ" },
  { "station_name": "Dusi", "station_code": "DUSI" },
  { "station_name": "Duskheda", "station_code": "DSK" },
  { "station_name": "Duvvada", "station_code": "DVD" },
  { "station_name": "Dwarapudi", "station_code": "DWP" },
  { "station_name": "Dwarka", "station_code": "DWK" },
  { "station_name": "Dwarkaganj", "station_code": "DWJ" }
]
