[
  { "station_name": "Edamann", "station_code": "EDN" },
  { "station_name": "Edavai", "station_code": "EVA" },
  { "station_name": "Edduladoddi", "station_code": "EDD" },
  { "station_name": "Ekambarakuppam", "station_code": "EKM" },
  { "station_name": "Ekangarsarai", "station_code": "EKR" },
  { "station_name": "Ekchari", "station_code": "EKC" },
  { "station_name": "Eklakhi", "station_code": "EKI" },
  { "station_name": "Ekma", "station_code": "EKMA" },
  { "station_name": "Elimala", "station_code": "ELM" },
  { "station_name": "Ellamanchili", "station_code": "YLM" },
  { "station_name": "Eluru", "station_code": "EE" },
  { "station_name": "ENNORE", "station_code": "ENR" },
  { "station_name": "Eraniel", "station_code": "ERL" },
  { "station_name": "Ernakulam jn", "station_code": "ERS" },
  { "station_name": "Ernakulam town", "station_code": "ERN" },
  { "station_name": "Erode jn", "station_code": "ED" },
  { "station_name": "Errupalem", "station_code": "YP" },
  { "station_name": "Etah", "station_code": "ETAH" },
  { "station_name": "Etawah", "station_code": "ETW" },
  { "station_name": "Etmadpur", "station_code": "ETUE" },
  { "station_name": "Ettapur road", "station_code": "ETP" },
  { "station_name": "Ettumanur", "station_code": "ETM" },
  { "station_name": "Ezhukone", "station_code": "EKN" }
]
