[
  { "station_name": "Faizabad jn", "station_code": "FD" },
  { "station_name": "Faizullapur", "station_code": "FYZ" },
  { "station_name": "Fakhrabad", "station_code": "FKB" },
  { "station_name": "Fakiragram jn", "station_code": "FKM" },
  { "station_name": "Falakata", "station_code": "FLK" },
  { "station_name": "Falaknuma", "station_code": "FM" },
  { "station_name": "Falna", "station_code": "FA" },
  { "station_name": "Faqarsar", "station_code": "FSR" },
  { "station_name": "Farah town", "station_code": "FHT" },
  { "station_name": "Faridabad", "station_code": "FDB" },
  { "station_name": "Faridabad nw tn", "station_code": "FDN" },
  { "station_name": "Faridkot", "station_code": "FDK" },
  { "station_name": "Farrukhabad", "station_code": "FBD" },
  { "station_name": "Fateh singhpura", "station_code": "FSP" },
  { "station_name": "Fatehabad ch.jn", "station_code": "FTD" },
  { "station_name": "Fatehgarh", "station_code": "FGR" },
  { "station_name": "Fatehgarh sahib", "station_code": "FGSB" },
  { "station_name": "Fatehnagar", "station_code": "FAN" },
  { "station_name": "Fatehpur", "station_code": "FTP" },
  { "station_name": "Fatehpur sikri", "station_code": "FTS" },
  { "station_name": "Fatehpur skhwti", "station_code": "FPS" },
  { "station_name": "Fatwa", "station_code": "FUT" },
  { "station_name": "Fazalpur", "station_code": "FZL" },
  { "station_name": "Fazilka", "station_code": "FKA" },
  { "station_name": "Ferok", "station_code": "FK" },
  { "station_name": "Firozabad", "station_code": "FZD" },
  { "station_name": "Firozpur cant", "station_code": "FZR" },
  { "station_name": "Firozpur city", "station_code": "FZP" },
  { "station_name": "FN", "station_code": "FN" },
  { "station_name": "Forbesganj", "station_code": "FBG" },
  { "station_name": "Furkating jn", "station_code": "FKG" },
  { "station_name": "Fursatganj", "station_code": "FTG" }
]
