[
  { "station_name": "G pochampalli", "station_code": "GDPL" },
  { "station_name": "G.ramachandrapu", "station_code": "GRCP" },
  { "station_name": "Gachhipura", "station_code": "GCH" },
  { "station_name": "Gadadharpur", "station_code": "GHLE" },
  { "station_name": "Gadag jn", "station_code": "GDG" },
  { "station_name": "Gadarwara", "station_code": "GAR" },
  { "station_name": "Gadhwala", "station_code": "GDW" },
  { "station_name": "Gadiganuru", "station_code": "GNR" },
  { "station_name": "Gadwal", "station_code": "GWD" },
  { "station_name": "Gahlota", "station_code": "GLTA" },
  { "station_name": "Gahmar", "station_code": "GMR" },
  { "station_name": "Gainjahwa", "station_code": "GAW" },
  { "station_name": "Gainsari jn", "station_code": "GIR" },
  { "station_name": "Gaipura", "station_code": "GAE" },
  { "station_name": "Gajapatinagaram", "station_code": "GPI" },
  { "station_name": "Gajjelakonda", "station_code": "GJJ" },
  { "station_name": "Gajner", "station_code": "GJN" },
  { "station_name": "Gajraula jn", "station_code": "GJL" },
  { "station_name": "Gajsinghpur", "station_code": "GJS" },
  { "station_name": "Gajulagudem", "station_code": "GLE" },
  { "station_name": "Galan", "station_code": "GAA" },
  { "station_name": "Galgalia", "station_code": "GAGA" },
  { "station_name": "Galudih", "station_code": "GUD" },
  { "station_name": "Gambhiri road", "station_code": "GRF" },
  { "station_name": "Gamharia", "station_code": "GMH" },
  { "station_name": "Ganagapur road", "station_code": "GUR" },
  { "station_name": "Ganaur", "station_code": "GNU" },
  { "station_name": "Gandhidham bg", "station_code": "GIMB" },
  { "station_name": "Gandhigram", "station_code": "GG" },
  { "station_name": "Gandhinagar cap", "station_code": "GNC" },
  { "station_name": "Gandhinagar jpr", "station_code": "GADJ" },
  { "station_name": "Gandhipuram hal", "station_code": "GHPU" },
  { "station_name": "Gandhismriti", "station_code": "GNST" },
  { "station_name": "Ganeshganj", "station_code": "GAJ" },
  { "station_name": "Gangadhara", "station_code": "GGAR" },
  { "station_name": "Gangadharpur", "station_code": "GNGD" },
  { "station_name": "Gangaganj", "station_code": "GANG" },
  { "station_name": "Gangajhari", "station_code": "GJ" },
  { "station_name": "Gangakher", "station_code": "GNH" },
  { "station_name": "Gangani", "station_code": "GNNA" },
  { "station_name": "Gangapur city", "station_code": "GGC" },
  { "station_name": "Gangarampur", "station_code": "GRMP" },
  { "station_name": "Gangayapalle", "station_code": "GPY" },
  { "station_name": "Gangiwara", "station_code": "GNW" },
  { "station_name": "Gangrar", "station_code": "GGR" },
  { "station_name": "Gangsar jaitu", "station_code": "GJUT" },
  { "station_name": "Ganj basoda", "station_code": "BAQ" },
  { "station_name": "Ganj dundwara", "station_code": "GWA" },
  { "station_name": "Ganjam", "station_code": "GAM" },
  { "station_name": "Ganjmuradabad", "station_code": "GJMB" },
  { "station_name": "Gankar", "station_code": "GALE" },
  { "station_name": "Gannavaram", "station_code": "GWM" },
  { "station_name": "Garh dhrubeswar", "station_code": "GRB" },
  { "station_name": "Garh jaipur", "station_code": "GUG" },
  { "station_name": "Garhara", "station_code": "GHX" },
  { "station_name": "Garhbeta", "station_code": "GBA" },
  { "station_name": "Garhi harsaru", "station_code": "GHH" },
  { "station_name": "Garhi manikpur", "station_code": "GRMR" },
  { "station_name": "Garhmuktesar", "station_code": "GMS" },
  { "station_name": "Garhmuktesar br", "station_code": "GGB" },
  { "station_name": "Garhwa", "station_code": "GHQ" },
  { "station_name": "Garifa", "station_code": "GFAE" },
  { "station_name": "Garividi", "station_code": "GVI" },
  { "station_name": "GARJEE", "station_code": "JRJE" },
  { "station_name": "Garla", "station_code": "GLA" },
  { "station_name": "Garladinne", "station_code": "GDE" },
  { "station_name": "Garmadi", "station_code": "GM" },
  { "station_name": "Garot", "station_code": "GOH" },
  { "station_name": "Garpos", "station_code": "GPH" },
  { "station_name": "Garudubilli", "station_code": "GRBL" },
  { "station_name": "Garwa road", "station_code": "GHD" },
  { "station_name": "Gatora", "station_code": "GTW" },
  { "station_name": "Gaura", "station_code": "GRX" },
  { "station_name": "Gauri bazar", "station_code": "GB" },
  { "station_name": "Gauribidanur", "station_code": "GBD" },
  { "station_name": "Gauriganj", "station_code": "GNG" },
  { "station_name": "Gauripur", "station_code": "GUP" },
  { "station_name": "Gaushala", "station_code": "GWS" },
  { "station_name": "Gautamdhara", "station_code": "GATD" },
  { "station_name": "Gautamsthan", "station_code": "GTST" },
  { "station_name": "Gaya jn", "station_code": "GAYA" },
  { "station_name": "Gayabari", "station_code": "GBE" },
  { "station_name": "Gazole", "station_code": "GZO" },
  { "station_name": "Gazulapalli", "station_code": "GZL" },
  { "station_name": "Gede", "station_code": "GEDE" },
  { "station_name": "Gegal akhri", "station_code": "GEK" },
  { "station_name": "Geratpur", "station_code": "GER" },
  { "station_name": "Gerita kolvada", "station_code": "GTKD" },
  { "station_name": "Getor jagatpura", "station_code": "GTJT" },
  { "station_name": "Gevarai halt", "station_code": "GOI" },
  { "station_name": "Gevra road", "station_code": "GAD" },
  { "station_name": "Ghadela", "station_code": "GELA" },
  { "station_name": "Ghagwal", "station_code": "GHGL" },
  { "station_name": "Ghanauli", "station_code": "GANL" },
  { "station_name": "Ghanpur", "station_code": "GNP" },
  { "station_name": "Ghantikhal ndpr", "station_code": "GHNH" },
  { "station_name": "Gharaunda", "station_code": "GRA" },
  { "station_name": "Ghaso", "station_code": "GSO" },
  { "station_name": "Ghat nandur", "station_code": "GTU" },
  { "station_name": "Ghataka varana", "station_code": "GKB" },
  { "station_name": "Ghatampur", "station_code": "GTM" },
  { "station_name": "GHATERA", "station_code": "GEA" },
  { "station_name": "Ghatkesar", "station_code": "GT" },
  { "station_name": "Ghatprabha", "station_code": "GPB" },
  { "station_name": "Ghatsila", "station_code": "GTS" },
  { "station_name": "Ghaziabad", "station_code": "GZB" },
  { "station_name": "Ghazipur city", "station_code": "GCT" },
  { "station_name": "Ghoga", "station_code": "GGA" },
  { "station_name": "Ghoksadanga", "station_code": "GDX" },
  { "station_name": "Gholvad", "station_code": "GVD" },
  { "station_name": "Ghonsor", "station_code": "GNS" },
  { "station_name": "Ghoradongri", "station_code": "GDYA" },
  { "station_name": "Ghorawadi", "station_code": "GRWD" },
  { "station_name": "Ghorpuri", "station_code": "GPR" },
  { "station_name": "Ghosi", "station_code": "GSI" },
  { "station_name": "Ghosipura", "station_code": "GOPA" },
  { "station_name": "Ghosunda", "station_code": "GSD" },
  { "station_name": "Ghughuli", "station_code": "GH" },
  { "station_name": "Ghugus", "station_code": "GGS" },
  { "station_name": "Ghum", "station_code": "GHUM" },
  { "station_name": "Ghunghuti", "station_code": "GGT" },
  { "station_name": "GHUTIARI SHARIF", "station_code": "GOF" },
  { "station_name": "Ghutku", "station_code": "GTK" },
  { "station_name": "Gidam", "station_code": "GIZ" },
  { "station_name": "Gidarpindi", "station_code": "GOD" },
  { "station_name": "Giddalur", "station_code": "GID" },
  { "station_name": "Giddarbaha", "station_code": "GDB" },
  { "station_name": "Gidhaur", "station_code": "GHR" },
  { "station_name": "Gill", "station_code": "GILL" },
  { "station_name": "Ginigera", "station_code": "GIN" },
  { "station_name": "Giridih", "station_code": "GRD" },
  { "station_name": "Girimaidan", "station_code": "GMDN" },
  { "station_name": "Girwar", "station_code": "GW" },
  { "station_name": "Goaldih", "station_code": "GADH" },
  { "station_name": "Goalpara town", "station_code": "GLPT" },
  { "station_name": "GOBARDANGA", "station_code": "GBG" },
  { "station_name": "Godamgura", "station_code": "GDQ" },
  { "station_name": "Godavari", "station_code": "GVN" },
  { "station_name": "Godhra jn", "station_code": "GDA" },
  { "station_name": "Gogamukh", "station_code": "GOM" },
  { "station_name": "Gohad road", "station_code": "GOA" },
  { "station_name": "Gohpur", "station_code": "GPZ" },
  { "station_name": "Goilkera", "station_code": "GOL" },
  { "station_name": "Gokak road", "station_code": "GKK" },
  { "station_name": "Gokarna road", "station_code": "GOK" },
  { "station_name": "Gokulpur", "station_code": "GKL" },
  { "station_name": "Gola gokaranath", "station_code": "GK" },
  { "station_name": "Golaghat", "station_code": "GLGT" },
  { "station_name": "Golakganj jn", "station_code": "GKJ" },
  { "station_name": "Golana halt", "station_code": "GLNA" },
  { "station_name": "Golanthra", "station_code": "GTA" },
  { "station_name": "Goldinganj", "station_code": "GJH" },
  { "station_name": "Gollapally", "station_code": "GLY" },
  { "station_name": "Gollaprolu", "station_code": "GLP" },
  { "station_name": "Gomati nagar", "station_code": "GTNR" },
  { "station_name": "Gomta", "station_code": "GTT" },
  { "station_name": "Gonda jn", "station_code": "GD" },
  { "station_name": "Gondal", "station_code": "GDL" },
  { "station_name": "Gondia jn", "station_code": "G" },
  { "station_name": "Gondwanavisapur", "station_code": "GNVR" },
  { "station_name": "Goneana b jagta", "station_code": "GNA" },
  { "station_name": "Gooty", "station_code": "GY" },
  { "station_name": "Gop jam", "station_code": "GOP" },
  { "station_name": "Gopalapatnam", "station_code": "GPT" },
  { "station_name": "Gopalganj", "station_code": "GOPG" },
  { "station_name": "Gora ghuma", "station_code": "GGM" },
  { "station_name": "Gorakhnath", "station_code": "GRKN" },
  { "station_name": "Gorakhpur cant", "station_code": "GKC" },
  { "station_name": "Gorakhpur jn", "station_code": "GKP" },
  { "station_name": "Goram ghat", "station_code": "GGO" },
  { "station_name": "Gorapur", "station_code": "GPJ" },
  { "station_name": "Goraul", "station_code": "GRL" },
  { "station_name": "Goraya", "station_code": "GRY" },
  { "station_name": "Goregaon road", "station_code": "GNO" },
  { "station_name": "Goresuar", "station_code": "GVR" },
  { "station_name": "Gorinja", "station_code": "GRJA" },
  { "station_name": "Gosalpur", "station_code": "GSPR" },
  { "station_name": "Goshainganj", "station_code": "GGJ" },
  { "station_name": "Gossaigaon hat", "station_code": "GOGH" },
  { "station_name": "Gotan", "station_code": "GOTN" },
  { "station_name": "Gothaj", "station_code": "GTE" },
  { "station_name": "Gothangam", "station_code": "GTX" },
  { "station_name": "Gotlam", "station_code": "GTLM" },
  { "station_name": "Gour malda", "station_code": "GZM" },
  { "station_name": "Goverdhan", "station_code": "GDO" },
  { "station_name": "Govindgarh", "station_code": "GVG" },
  { "station_name": "Govindi marwar", "station_code": "GVMR" },
  { "station_name": "Govindnagar", "station_code": "GOVR" },
  { "station_name": "Govindpur road", "station_code": "GBX" },
  { "station_name": "Govindpuri", "station_code": "GOY" },
  { "station_name": "Gowdavalli", "station_code": "GWV" },
  { "station_name": "GRAE", "station_code": "GRAE" },
  { "station_name": "Grashshala", "station_code": "PASA" },
  { "station_name": "GUA", "station_code": "GUA" },
  { "station_name": "Gubbi", "station_code": "GBB" },
  { "station_name": "Gudaparti", "station_code": "GDPT" },
  { "station_name": "Gudgeri", "station_code": "GDI" },
  { "station_name": "Gudha", "station_code": "GA" },
  { "station_name": "Gudimetta", "station_code": "GMA" },
  { "station_name": "Gudipudi", "station_code": "GPDE" },
  { "station_name": "Gudivada jn", "station_code": "GDV" },
  { "station_name": "Gudiyattam", "station_code": "GYM" },
  { "station_name": "Gudlavalleru", "station_code": "GVL" },
  { "station_name": "Gudma", "station_code": "GDM" },
  { "station_name": "Gudru halt", "station_code": "GDU" },
  { "station_name": "Gudupulli", "station_code": "GDP" },
  { "station_name": "Gudur jn", "station_code": "GDR" },
  { "station_name": "Gujhandi", "station_code": "GJD" },
  { "station_name": "Gulabhganj", "station_code": "GLG" },
  { "station_name": "Gulabpura", "station_code": "GBP" },
  { "station_name": "Gulaothi", "station_code": "GLH" },
  { "station_name": "Gulapalyamu", "station_code": "GPU" },
  { "station_name": "Gularbhoj", "station_code": "GUB" },
  { "station_name": "Gulbarga", "station_code": "GR" },
  { "station_name": "Guldhar", "station_code": "GUH" },
  { "station_name": "Guledagudda rd", "station_code": "GED" },
  { "station_name": "Guler", "station_code": "GULR" },
  { "station_name": "Gullaguda", "station_code": "GGD" },
  { "station_name": "Gullipadu", "station_code": "GLU" },
  { "station_name": "Gulzarbagh", "station_code": "GZH" },
  { "station_name": "Guma", "station_code": "GUMA" },
  { "station_name": "Gumada", "station_code": "GMDA" },
  { "station_name": "Gumani", "station_code": "GMAN" },
  { "station_name": "Gumia", "station_code": "GMIA" },
  { "station_name": "Gumman", "station_code": "GMM" },
  { "station_name": "Gummidipundi", "station_code": "GPD" },
  { "station_name": "Gumthal", "station_code": "GTF" },
  { "station_name": "Guna", "station_code": "GUNA" },
  { "station_name": "Gunadala", "station_code": "GALA" },
  { "station_name": "Gundardehi", "station_code": "GDZ" },
  { "station_name": "Gundla kamma", "station_code": "GKM" },
  { "station_name": "Gundratimadugu", "station_code": "GUU" },
  { "station_name": "Guneru bamori", "station_code": "GVB" },
  { "station_name": "Guntakal jn", "station_code": "GTL" },
  { "station_name": "Guntur jn", "station_code": "GNT" },
  { "station_name": "GUNUPUR", "station_code": "GNPR" },
  { "station_name": "Guptipara", "station_code": "GPAE" },
  { "station_name": "Gur market", "station_code": "GRMT" },
  { "station_name": "Guramkhedi", "station_code": "GMD" },
  { "station_name": "Guraru", "station_code": "GRRU" },
  { "station_name": "Gurdaspur", "station_code": "GSP" },
  { "station_name": "Gurgaon", "station_code": "GGN" },
  { "station_name": "Gurha kemla", "station_code": "GRKA" },
  { "station_name": "Gurhi", "station_code": "GUX" },
  { "station_name": "Guriya", "station_code": "GRI" },
  { "station_name": "Gurla", "station_code": "GQL" },
  { "station_name": "Gurmura", "station_code": "GMX" },
  { "station_name": "Gurnay", "station_code": "GRN" },
  { "station_name": "Gurpa", "station_code": "GAP" },
  { "station_name": "Gurra", "station_code": "GRO" },
  { "station_name": "Gursahaiganj", "station_code": "GHJ" },
  { "station_name": "Gursar shnewala", "station_code": "GSW" },
  { "station_name": "Guru harsahai", "station_code": "GHS" },
  { "station_name": "Guruvayur", "station_code": "GUV" },
  { "station_name": "Guskara", "station_code": "GKH" },
  { "station_name": "Guwahati", "station_code": "GHY" },
  { "station_name": "Guwarighat", "station_code": "GRG" },
  { "station_name": "Gwalior", "station_code": "GWL" },
  { "station_name": "Gyanpur road", "station_code": "GYN" }
]
