[
  { "station_name": "H nizamuddin", "station_code": "NZM" },
  { "station_name": "H sahib nanded", "station_code": "NED" },
  { "station_name": "Habibganj", "station_code": "HBJ" },
  { "station_name": "Habibwala", "station_code": "HBW" },
  { "station_name": "HABRA", "station_code": "HB" },
  { "station_name": "Hadapsar", "station_code": "HDP" },
  { "station_name": "Haddinagundu", "station_code": "HDD" },
  { "station_name": "Hadmadiya", "station_code": "HRM" },
  { "station_name": "Hadmatiya jn", "station_code": "HM" },
  { "station_name": "Hafizpeta", "station_code": "HFZ" },
  { "station_name": "Hafizpur", "station_code": "HZR" },
  { "station_name": "Haflong hill", "station_code": "HFG" },
  { "station_name": "Hagari", "station_code": "HGI" },
  { "station_name": "Haiaghat", "station_code": "HYT" },
  { "station_name": "Haibargaon", "station_code": "HBN" },
  { "station_name": "Haidarnagar", "station_code": "HDN" },
  { "station_name": "Haidergarh", "station_code": "HGH" },
  { "station_name": "Hajipur jn", "station_code": "HJP" },
  { "station_name": "Hakimpur", "station_code": "HKP" },
  { "station_name": "Halakatta", "station_code": "HLKT" },
  { "station_name": "Haldaur", "station_code": "HLDR" },
  { "station_name": "Haldi road", "station_code": "HLDD" },
  { "station_name": "Haldia", "station_code": "HLZ" },
  { "station_name": "Haldibari", "station_code": "HDB" },
  { "station_name": "Haldipada", "station_code": "HIP" },
  { "station_name": "Haldwani", "station_code": "HDW" },
  { "station_name": "Halisahar", "station_code": "HLR" },
  { "station_name": "Halvad", "station_code": "HVD" },
  { "station_name": "Hamarapur", "station_code": "HMRR" },
  { "station_name": "Hamira", "station_code": "HMR" },
  { "station_name": "Hamirgarh", "station_code": "HMG" },
  { "station_name": "Hamirpur road", "station_code": "HAR" },
  { "station_name": "Hamitonganj", "station_code": "HOJ" },
  { "station_name": "Hamsavaram", "station_code": "HVM" },
  { "station_name": "Hanakere", "station_code": "HNK" },
  { "station_name": "Handia khas", "station_code": "HDK" },
  { "station_name": "Hansi", "station_code": "HNS" },
  { "station_name": "Hanuman station", "station_code": "HNMN" },
  { "station_name": "Hanumangarh jn", "station_code": "HMH" },
  { "station_name": "Hanumangarhtown", "station_code": "HMO" },
  { "station_name": "Hanwant", "station_code": "HWT" },
  { "station_name": "Hapa", "station_code": "HAPA" },
  { "station_name": "Hapur", "station_code": "HPU" },
  { "station_name": "Harangajao", "station_code": "HJO" },
  { "station_name": "Harangul", "station_code": "HGL" },
  { "station_name": "Haranya kheri", "station_code": "HKH" },
  { "station_name": "Harauni", "station_code": "HRN" },
  { "station_name": "Harchandpur", "station_code": "HCP" },
  { "station_name": "Harda", "station_code": "HD" },
  { "station_name": "Hardas bigha", "station_code": "HDE" },
  { "station_name": "Hardattpur", "station_code": "HDT" },
  { "station_name": "Hardoi", "station_code": "HRI" },
  { "station_name": "Hardua", "station_code": "HDU" },
  { "station_name": "Harichandanpur", "station_code": "HCNR" },
  { "station_name": "Haridwar jn", "station_code": "HW" },
  { "station_name": "Harihar", "station_code": "HRR" },
  { "station_name": "Harinagar", "station_code": "HIR" },
  { "station_name": "HARIPAL", "station_code": "HPL" },
  { "station_name": "Harippad", "station_code": "HAD" },
  { "station_name": "Haripur", "station_code": "HP" },
  { "station_name": "Harischandrpur", "station_code": "HCR" },
  { "station_name": "Harishanker rd", "station_code": "HSK" },
  { "station_name": "Harisinga", "station_code": "HRSN" },
  { "station_name": "Harkia khal", "station_code": "HKL" },
  { "station_name": "Harmuti", "station_code": "HMY" },
  { "station_name": "Harnaut", "station_code": "HRT" },
  { "station_name": "Harpalganj", "station_code": "HRPG" },
  { "station_name": "Harpalpur", "station_code": "HPP" },
  { "station_name": "Harpalu", "station_code": "HR" },
  { "station_name": "Harrad", "station_code": "HRV" },
  { "station_name": "Harrawala", "station_code": "HRW" },
  { "station_name": "Harri", "station_code": "HRB" },
  { "station_name": "Harsauli", "station_code": "HSI" },
  { "station_name": "Harthala", "station_code": "HRH" },
  { "station_name": "Harwada", "station_code": "HAA" },
  { "station_name": "HASANABAD", "station_code": "HNB" },
  { "station_name": "Hasanparti rd", "station_code": "HSP" },
  { "station_name": "Hasanpur road", "station_code": "HPO" },
  { "station_name": "Hasimara", "station_code": "HSA" },
  { "station_name": "Hassan", "station_code": "HAS" },
  { "station_name": "Hastavaramu", "station_code": "HAQ" },
  { "station_name": "Hathbandh", "station_code": "HN" },
  { "station_name": "Hathidah jn", "station_code": "HTZ" },
  { "station_name": "Hathidah upper", "station_code": "HTZU" },
  { "station_name": "Hathigadh", "station_code": "HTGR" },
  { "station_name": "Hathras city", "station_code": "HTC" },
  { "station_name": "Hathras jn", "station_code": "HRS" },
  { "station_name": "Hathuran", "station_code": "HAT" },
  { "station_name": "Hatia", "station_code": "HTE" },
  { "station_name": "Hatikhali", "station_code": "HTL" },
  { "station_name": "Hatkanagale", "station_code": "HTK" },
  { "station_name": "Hatpuraini", "station_code": "HPLE" },
  { "station_name": "Haveri", "station_code": "HVR" },
  { "station_name": "Hazaribagh rd", "station_code": "HZD" },
  { "station_name": "Hbl nagar", "station_code": "HBLN" },
  { "station_name": "Hebbal", "station_code": "HEB" },
  { "station_name": "Hebsur", "station_code": "HBS" },
  { "station_name": "Hejjala", "station_code": "HJL" },
  { "station_name": "Helem", "station_code": "HML" },
  { "station_name": "Hemagiri", "station_code": "HGR" },
  { "station_name": "Hendegir", "station_code": "HNDR" },
  { "station_name": "Her", "station_code": "HER" },
  { "station_name": "Hijilli", "station_code": "HIJ" },
  { "station_name": "HILARA", "station_code": "HLX" },
  { "station_name": "Hilligrove", "station_code": "HLG" },
  { "station_name": "Hilsa", "station_code": "HIL" },
  { "station_name": "Himayatnagar", "station_code": "HEM" },
  { "station_name": "Himmatana", "station_code": "HMI" },
  { "station_name": "Himmatnagar", "station_code": "HMT" },
  { "station_name": "Hinautaramban", "station_code": "HNM" },
  { "station_name": "Hindaun city", "station_code": "HAN" },
  { "station_name": "Hindumalkote", "station_code": "HMK" },
  { "station_name": "Hindupur", "station_code": "HUP" },
  { "station_name": "Hinganghat", "station_code": "HGT" },
  { "station_name": "Hingoli deccan", "station_code": "HNL" },
  { "station_name": "Hira nagar", "station_code": "HRNR" },
  { "station_name": "Hirakud", "station_code": "HKG" },
  { "station_name": "Hirapur", "station_code": "HPR" },
  { "station_name": "Hirdagarh", "station_code": "HRG" },
  { "station_name": "Hirenanduru", "station_code": "HQR" },
  { "station_name": "Hirnoda", "station_code": "HDA" },
  { "station_name": "Hisar", "station_code": "HSR" },
  { "station_name": "Hisvahal", "station_code": "HSL" },
  { "station_name": "Hiwarkhed", "station_code": "HKR" },
  { "station_name": "HNZM", "station_code": "HNZM" },
  { "station_name": "Hodal", "station_code": "HDL" },
  { "station_name": "Hojai", "station_code": "HJI" },
  { "station_name": "Hol", "station_code": "HOL" },
  { "station_name": "Holalkere", "station_code": "HLK" },
  { "station_name": "Holambi kalan", "station_code": "HUK" },
  { "station_name": "Hole alur", "station_code": "HLAR" },
  { "station_name": "Hole narsipur", "station_code": "HLN" },
  { "station_name": "Hombal", "station_code": "HBL" },
  { "station_name": "Honnavar", "station_code": "HNA" },
  { "station_name": "Hooghly", "station_code": "HGY" },
  { "station_name": "Hooghly ghat", "station_code": "HYG" },
  { "station_name": "Hosdurga road", "station_code": "HSD" },
  { "station_name": "Hoshangabad", "station_code": "HBD" },
  { "station_name": "Hoshiarpur", "station_code": "HSX" },
  { "station_name": "Hospet jn", "station_code": "HPT" },
  { "station_name": "Hosur", "station_code": "HSRA" },
  { "station_name": "Hotgi", "station_code": "HG" },
  { "station_name": "Howbadh jablpur", "station_code": "HBG" },
  { "station_name": "Howrah jn", "station_code": "HWH" },
  { "station_name": "HRGR", "station_code": "HRGR" },
  { "station_name": "Hubli jn", "station_code": "UBL" },
  { "station_name": "Hugrajuli", "station_code": "HJLI" },
  { "station_name": "Hulkoti", "station_code": "LKT" },
  { "station_name": "Hunsihadgil", "station_code": "HHD" },
  { "station_name": "Huppuguda", "station_code": "HPG" },
  { "station_name": "Husainpur", "station_code": "HSQ" },
  { "station_name": "Hyderabad decan", "station_code": "HYB" }
]
