[
  { "station_name": "Ib", "station_code": "IB" },
  { "station_name": "Ibrahimpur", "station_code": "IMR" },
  { "station_name": "Ichauli", "station_code": "ICL" },
  { "station_name": "Ichchpuram", "station_code": "IPM" },
  { "station_name": "Ichhapur", "station_code": "IP" },
  { "station_name": "Idaplli", "station_code": "IPL" },
  { "station_name": "Idar", "station_code": "IDAR" },
  { "station_name": "Idgah agra jn", "station_code": "IDH" },
  { "station_name": "Igatpuri", "station_code": "IGP" },
  { "station_name": "Ikkar", "station_code": "IKK" },
  { "station_name": "Iklehra", "station_code": "IKR" },
  { "station_name": "Inchhapuri", "station_code": "IHP" },
  { "station_name": "Indalvai", "station_code": "IDL" },
  { "station_name": "Indapur", "station_code": "INP" },
  { "station_name": "Indara jn", "station_code": "IAA" },
  { "station_name": "Indargarh", "station_code": "IDG" },
  { "station_name": "Indargarh", "station_code": "IDGH" },
  { "station_name": "Indi road", "station_code": "IDR" },
  { "station_name": "Indore jn bg", "station_code": "INDB" },
  { "station_name": "Indore jn mg", "station_code": "INDM" },
  { "station_name": "Indrabil", "station_code": "IBL" },
  { "station_name": "Innanje", "station_code": "INJ" },
  { "station_name": "Intekanne", "station_code": "INK" },
  { "station_name": "Intiyathok", "station_code": "ITE" },
  { "station_name": "Ipurupalem", "station_code": "IPPM" },
  { "station_name": "Iqbal gadh", "station_code": "IQG" },
  { "station_name": "Iqbalpur", "station_code": "IQB" },
  { "station_name": "Iravipuram", "station_code": "IRP" },
  { "station_name": "Irinjalakuda", "station_code": "IJK" },
  { "station_name": "Irugur", "station_code": "IGU" },
  { "station_name": "Isand", "station_code": "EN" },
  { "station_name": "Isarda", "station_code": "ISA" },
  { "station_name": "Isarwara", "station_code": "ISH" },
  { "station_name": "Islampur", "station_code": "IPR" },
  { "station_name": "Ismaila haryana", "station_code": "ISM" },
  { "station_name": "Ismailpur", "station_code": "IMGE" },
  { "station_name": "Itarsi jn", "station_code": "ET" },
  { "station_name": "Itikyala", "station_code": "IKI" },
  { "station_name": "Itola", "station_code": "ITA" },
  { "station_name": "Itwari", "station_code": "ITR" },
  { "station_name": "Izzatnagar", "station_code": "IZN" }
]
