[
  { "station_name": "Jabalpur", "station_code": "JBP" },
  { "station_name": "Jabli", "station_code": "JBL" },
  { "station_name": "Jabri", "station_code": "JBX" },
  { "station_name": "Jadar", "station_code": "JADR" },
  { "station_name": "Jadcherla", "station_code": "JCL" },
  { "station_name": "Jagadhri", "station_code": "JUD" },
  { "station_name": "Jagadhri wshop", "station_code": "JUDW" },
  { "station_name": "Jagadishpur", "station_code": "JGD" },
  { "station_name": "Jagatbela", "station_code": "JTB" },
  { "station_name": "Jagdalpur", "station_code": "JDB" },
  { "station_name": "Jagdevwala", "station_code": "JDL" },
  { "station_name": "Jagesharganj", "station_code": "JGJ" },
  { "station_name": "Jagi road", "station_code": "JID" },
  { "station_name": "Jagraon", "station_code": "JGN" },
  { "station_name": "Jagudan", "station_code": "JDN" },
  { "station_name": "Jahanikhera", "station_code": "JKH" },
  { "station_name": "Jai samand road", "station_code": "JYM" },
  { "station_name": "JAIJON DOABA", "station_code": "JJJ" },
  { "station_name": "Jaipur", "station_code": "JP" },
  { "station_name": "Jairamnagar", "station_code": "JRMG" },
  { "station_name": "Jais", "station_code": "JAIS" },
  { "station_name": "Jaisalmer", "station_code": "JSM" },
  { "station_name": "Jaithari", "station_code": "JTI" },
  { "station_name": "Jaitipur", "station_code": "JTU" },
  { "station_name": "Jaitsar", "station_code": "JES" },
  { "station_name": "Jaitwar", "station_code": "JTW" },
  { "station_name": "Jajiwal", "station_code": "JWL" },
  { "station_name": "Jajpur k road", "station_code": "JJKR" },
  { "station_name": "Jakhal jn", "station_code": "JHL" },
  { "station_name": "Jakhalabandha", "station_code": "JKB" },
  { "station_name": "Jakhalaun", "station_code": "JLN" },
  { "station_name": "Jakhanian", "station_code": "JKN" },
  { "station_name": "Jakhapura", "station_code": "JKPR" },
  { "station_name": "Jakhim", "station_code": "JHN" },
  { "station_name": "Jakhvada", "station_code": "JKA" },
  { "station_name": "Jakkalacheruvu", "station_code": "JKO" },
  { "station_name": "Jalalganj", "station_code": "JLL" },
  { "station_name": "Jalalpur dhai", "station_code": "JPD" },
  { "station_name": "Jalamb jn", "station_code": "JM" },
  { "station_name": "Jalandhar cant", "station_code": "JRC" },
  { "station_name": "Jalandhar city", "station_code": "JUC" },
  { "station_name": "Jalargarh", "station_code": "JAG" },
  { "station_name": "Jalesar road", "station_code": "JLS" },
  { "station_name": "Jaleswar", "station_code": "JER" },
  { "station_name": "Jalgaon jn", "station_code": "JL" },
  { "station_name": "Jalila road", "station_code": "JIL" },
  { "station_name": "Jalindri", "station_code": "JNRI" },
  { "station_name": "Jaliya devani", "station_code": "JALD" },
  { "station_name": "Jallalabd", "station_code": "JBD" },
  { "station_name": "Jalna", "station_code": "J" },
  { "station_name": "Jalor", "station_code": "JOR" },
  { "station_name": "Jalpaiguri", "station_code": "JPG" },
  { "station_name": "Jalpaiguri road", "station_code": "JPE" },
  { "station_name": "Jalsu", "station_code": "JAC" },
  { "station_name": "Jalsu nanak", "station_code": "JACN" },
  { "station_name": "Jam jodhpur jn", "station_code": "JDH" },
  { "station_name": "Jam wanthali", "station_code": "WTJ" },
  { "station_name": "Jama", "station_code": "JAMA" },
  { "station_name": "Jamalpur jn", "station_code": "JMP" },
  { "station_name": "Jambara", "station_code": "JMV" },
  { "station_name": "Jamdha", "station_code": "JMD" },
  { "station_name": "Jamga", "station_code": "JMG" },
  { "station_name": "Jamikunta", "station_code": "JMKT" },
  { "station_name": "Jamirghata", "station_code": "JMQ" },
  { "station_name": "Jammu tawi", "station_code": "JAT" },
  { "station_name": "Jamnagar", "station_code": "JAM" },
  { "station_name": "Jamsar", "station_code": "JMS" },
  { "station_name": "Jamtara", "station_code": "JMT" },
  { "station_name": "Jamui", "station_code": "JMU" },
  { "station_name": "Jamunamukh", "station_code": "JMK" },
  { "station_name": "Jamunia kalan", "station_code": "JMKL" },
  { "station_name": "Janakpur road", "station_code": "JNR" },
  { "station_name": "Jandiala", "station_code": "JNL" },
  { "station_name": "Jandrapeta", "station_code": "JAQ" },
  { "station_name": "Jangaon", "station_code": "ZN" },
  { "station_name": "Janghai jn", "station_code": "JNH" },
  { "station_name": "Jangipur road", "station_code": "JRLE" },
  { "station_name": "Janjgir naila", "station_code": "NIA" },
  { "station_name": "Jankampet jn", "station_code": "JKM" },
  { "station_name": "Januniatna", "station_code": "JNN" },
  { "station_name": "Janwal", "station_code": "JOA" },
  { "station_name": "Jaora", "station_code": "JAO" },
  { "station_name": "Japla", "station_code": "JPL" },
  { "station_name": "Jaraikela", "station_code": "JRA" },
  { "station_name": "Jarandeshwar", "station_code": "JSV" },
  { "station_name": "Jarangdih", "station_code": "JAN" },
  { "station_name": "Jargaon", "station_code": "JRJ" },
  { "station_name": "Jaroli", "station_code": "JRLI" },
  { "station_name": "Jarti", "station_code": "JRT" },
  { "station_name": "Jarwa", "station_code": "JAW" },
  { "station_name": "Jarwal road", "station_code": "JLD" },
  { "station_name": "Jasali", "station_code": "JSI" },
  { "station_name": "Jasidih jn", "station_code": "JSME" },
  { "station_name": "Jasra", "station_code": "JSR" },
  { "station_name": "Jaswantgarh", "station_code": "JSH" },
  { "station_name": "Jaswantnagar", "station_code": "JGR" },
  { "station_name": "Jath road", "station_code": "JTRD" },
  { "station_name": "Jatinga", "station_code": "JTG" },
  { "station_name": "Jatkanhar", "station_code": "JTR" },
  { "station_name": "Jatusana", "station_code": "JTS" },
  { "station_name": "Jatwara", "station_code": "JW" },
  { "station_name": "JAULKA", "station_code": "JUK" },
  { "station_name": "Jaunpur city", "station_code": "JOP" },
  { "station_name": "Jaunpur jn", "station_code": "JNU" },
  { "station_name": "Javale", "station_code": "JVA" },
  { "station_name": "Jawad road", "station_code": "JWO" },
  { "station_name": "Jawaharnagar", "station_code": "JWNR" },
  { "station_name": "Jawai bandh", "station_code": "JWB" },
  { "station_name": "Jawali", "station_code": "JAL" },
  { "station_name": "Jawlmukhi road", "station_code": "JMKR" },
  { "station_name": "Jayasingpur", "station_code": "JSP" },
  { "station_name": "Jaynagar", "station_code": "JYG" },
  { "station_name": "Jayngr majlipur", "station_code": "JNM" },
  { "station_name": "Jehanabad", "station_code": "JHD" },
  { "station_name": "Jejuri", "station_code": "JJR" },
  { "station_name": "Jeonara ph", "station_code": "JONR" },
  { "station_name": "Jeonathpur", "station_code": "JEP" },
  { "station_name": "Jeruwa khera", "station_code": "JRK" },
  { "station_name": "Jetalsar jn", "station_code": "JLR" },
  { "station_name": "Jetalvad", "station_code": "JTV" },
  { "station_name": "Jethi", "station_code": "JTY" },
  { "station_name": "Jetpur", "station_code": "JTP" },
  { "station_name": "Jeur", "station_code": "JEUR" },
  { "station_name": "Jeypore", "station_code": "JYP" },
  { "station_name": "Jgmbla kshnprm", "station_code": "JBK" },
  { "station_name": "Jhadupudi", "station_code": "JPI" },
  { "station_name": "Jhagadiya jn", "station_code": "JGI" },
  { "station_name": "Jhajha", "station_code": "JAJ" },
  { "station_name": "Jhajjar", "station_code": "JHJ" },
  { "station_name": "JHALAWAR CITY", "station_code": "JLWC" },
  { "station_name": "Jhalawar road", "station_code": "JHW" },
  { "station_name": "Jhalida", "station_code": "JAA" },
  { "station_name": "Jhalwara", "station_code": "JLW" },
  { "station_name": "Jhanjharpur", "station_code": "JJP" },
  { "station_name": "Jhansi jn", "station_code": "JHS" },
  { "station_name": "Jhantipahari", "station_code": "JPH" },
  { "station_name": "Jhapater dhal", "station_code": "JTL" },
  { "station_name": "Jhargram", "station_code": "JGM" },
  { "station_name": "Jharia", "station_code": "JRI" },
  { "station_name": "Jharili", "station_code": "JRL" },
  { "station_name": "Jharokhas", "station_code": "JRQ" },
  { "station_name": "Jharradih", "station_code": "JDI" },
  { "station_name": "Jharsuguda jn", "station_code": "JSG" },
  { "station_name": "Jhilmili", "station_code": "JLY" },
  { "station_name": "Jhinjhak", "station_code": "JJK" },
  { "station_name": "Jhir", "station_code": "JHIR" },
  { "station_name": "Jhulasan", "station_code": "JUL" },
  { "station_name": "Jhunjhunun", "station_code": "JJN" },
  { "station_name": "Jhunpa", "station_code": "JUP" },
  { "station_name": "Jiaganj", "station_code": "JJG" },
  { "station_name": "Jigna", "station_code": "JIA" },
  { "station_name": "Jimidipeta", "station_code": "JMPT" },
  { "station_name": "Jind jn", "station_code": "JIND" },
  { "station_name": "Jinti road", "station_code": "JNTR" },
  { "station_name": "Jira road", "station_code": "JIR" },
  { "station_name": "Jiradei", "station_code": "ZRDE" },
  { "station_name": "Jirania", "station_code": "JRNA" },
  { "station_name": "Jirat", "station_code": "JIT" },
  { "station_name": "JIRIBAM", "station_code": "JRBM" },
  { "station_name": "Jirwan", "station_code": "JRWN" },
  { "station_name": "Jitakheri", "station_code": "JKZ" },
  { "station_name": "Jite", "station_code": "JITE" },
  { "station_name": "Jiyapuram", "station_code": "JPM" },
  { "station_name": "Jmli", "station_code": "KMLI" },
  { "station_name": "Jmlpr shaikhan", "station_code": "JPS" },
  { "station_name": "Jmtra paraswara", "station_code": "JPV" },
  { "station_name": "Jnpur kutcherry", "station_code": "JNUK" },
  { "station_name": "Jo jagabor", "station_code": "JO" },
  { "station_name": "Jodhpur jn", "station_code": "JU" },
  { "station_name": "Jogal", "station_code": "JOL" },
  { "station_name": "Jogbani", "station_code": "JBN" },
  { "station_name": "Jogendranagar", "station_code": "JGNR" },
  { "station_name": "Jogi magra", "station_code": "JOM" },
  { "station_name": "Jogidih", "station_code": "JGF" },
  { "station_name": "Jogighopa", "station_code": "JPZ" },
  { "station_name": "Joginder nagar", "station_code": "JDNX" },
  { "station_name": "Jogiwala", "station_code": "JGW" },
  { "station_name": "Jolarpettai", "station_code": "JTJ" },
  { "station_name": "Jone karrang", "station_code": "JYK" },
  { "station_name": "Jonha", "station_code": "JON" },
  { "station_name": "Jorai", "station_code": "JOQ" },
  { "station_name": "Joramow", "station_code": "JRW" },
  { "station_name": "Joravasan", "station_code": "JRS" },
  { "station_name": "Jorawarnagar jn", "station_code": "JVN" },
  { "station_name": "Jorhat town", "station_code": "JTTN" },
  { "station_name": "Joychandi pahar", "station_code": "JOC" },
  { "station_name": "Jugaur", "station_code": "JRR" },
  { "station_name": "Jugpura", "station_code": "JRG" },
  { "station_name": "Jujumura", "station_code": "JUJA" },
  { "station_name": "Jukehi", "station_code": "JKE" },
  { "station_name": "Julana", "station_code": "JNA" },
  { "station_name": "Junagadh jn", "station_code": "JND" },
  { "station_name": "Junagarh road", "station_code": "JNRD" },
  { "station_name": "Jung bahadurgnj", "station_code": "JBG" },
  { "station_name": "Junnor deo", "station_code": "JNO" },
  { "station_name": "Jutogh", "station_code": "JTO" },
  { "station_name": "Juturu", "station_code": "JUR" },
  { "station_name": "Jwalapur", "station_code": "JWP" }
]
