[
  { "station_name": "Kabakaputtur", "station_code": "KBPR" },
  { "station_name": "Kachchanvilai", "station_code": "KCHV" },
  { "station_name": "Kacheguda", "station_code": "KCG" },
  { "station_name": "Kachewani", "station_code": "KWN" },
  { "station_name": "Kachhwa road", "station_code": "KWH" },
  { "station_name": "Kachnara road", "station_code": "KCNR" },
  { "station_name": "Kachujor", "station_code": "KOX" },
  { "station_name": "Kadakavur", "station_code": "KVU" },
  { "station_name": "Kadakola", "station_code": "KDO" },
  { "station_name": "Kadalundi", "station_code": "KN" },
  { "station_name": "KADAMBATTUR", "station_code": "KBT" },
  { "station_name": "Kadambur", "station_code": "KDU" },
  { "station_name": "Kadavakuduru", "station_code": "KVDU" },
  { "station_name": "Kadayanallur", "station_code": "KDNL" },
  { "station_name": "Kadethan", "station_code": "KDTN" },
  { "station_name": "Kadi", "station_code": "KADI" },
  { "station_name": "Kadipur", "station_code": "KDQ" },
  { "station_name": "Kadiri", "station_code": "KRY" },
  { "station_name": "Kadiyam", "station_code": "KYM" },
  { "station_name": "Kadur", "station_code": "DRU" },
  { "station_name": "Kafurpur", "station_code": "KFPR" },
  { "station_name": "Kahalgaon", "station_code": "CLG" },
  { "station_name": "Kahet", "station_code": "KRAI" },
  { "station_name": "Kahiliya", "station_code": "KH" },
  { "station_name": "Kaialsa", "station_code": "KIV" },
  { "station_name": "Kaikalur", "station_code": "KKLR" },
  { "station_name": "Kaikoram", "station_code": "KKRM" },
  { "station_name": "Kailahat", "station_code": "KYT" },
  { "station_name": "Kailasapuram", "station_code": "KLPM" },
  { "station_name": "Kaima", "station_code": "KMA" },
  { "station_name": "Kaimganj", "station_code": "KMJ" },
  { "station_name": "Kairla", "station_code": "KAI" },
  { "station_name": "Kaithal", "station_code": "KLE" },
  { "station_name": "Kaithalkuchi", "station_code": "KTCH" },
  { "station_name": "Kajgaon", "station_code": "KJ" },
  { "station_name": "Kajoragram", "station_code": "KJME" },
  { "station_name": "Kajra", "station_code": "KJH" },
  { "station_name": "Kajrat nawadih", "station_code": "KYF" },
  { "station_name": "Kajri", "station_code": "KFT" },
  { "station_name": "Kakapora", "station_code": "KAPE" },
  { "station_name": "Kakarghatti", "station_code": "KKHT" },
  { "station_name": "Kakinada port", "station_code": "COA" },
  { "station_name": "Kakinada town", "station_code": "CCT" },
  { "station_name": "Kakirigumma", "station_code": "KKGM" },
  { "station_name": "Kaklur", "station_code": "KKLU" },
  { "station_name": "Kakori", "station_code": "KKJ" },
  { "station_name": "Kala akhar", "station_code": "KQE" },
  { "station_name": "KALABURAGI", "station_code": "KLBG" },
  { "station_name": "Kalachand", "station_code": "KQI" },
  { "station_name": "Kaladehi", "station_code": "KDHI" },
  { "station_name": "Kalamalla", "station_code": "KMH" },
  { "station_name": "Kalamasseri", "station_code": "KLMR" },
  { "station_name": "Kalamb road", "station_code": "KMRD" },
  { "station_name": "Kalambha", "station_code": "KLBA" },
  { "station_name": "Kalamboli", "station_code": "KLMC" },
  { "station_name": "Kalamboli", "station_code": "KLMG" },
  { "station_name": "Kalamna", "station_code": "KAV" },
  { "station_name": "Kalanaur kalan", "station_code": "KLNK" },
  { "station_name": "Kalanwali", "station_code": "KNL" },
  { "station_name": "Kalapipal", "station_code": "KPP" },
  { "station_name": "Kalasamudram", "station_code": "KCM" },
  { "station_name": "Kalay", "station_code": "KALE" },
  { "station_name": "Kaldhari", "station_code": "KLDI" },
  { "station_name": "Kalgupur", "station_code": "KCP" },
  { "station_name": "Kalhar", "station_code": "KAH" },
  { "station_name": "Kali sindh", "station_code": "KSH" },
  { "station_name": "Kalian chak", "station_code": "KXE" },
  { "station_name": "Kalianpur", "station_code": "KAP" },
  { "station_name": "Kalikiri", "station_code": "KCI" },
  { "station_name": "Kalinarynpur jn", "station_code": "KLNP" },
  { "station_name": "Kalipahari", "station_code": "KPK" },
  { "station_name": "Kaliyanganj", "station_code": "KAJ" },
  { "station_name": "Kalka", "station_code": "KLK" },
  { "station_name": "Kalkalighat", "station_code": "KKGT" },
  { "station_name": "Kalkund", "station_code": "KKD" },
  { "station_name": "Kallakkudi plgh", "station_code": "KKPM" },
  { "station_name": "Kallal", "station_code": "KAL" },
  { "station_name": "Kallidaikurichi", "station_code": "KIC" },
  { "station_name": "Kalligudi", "station_code": "KGD" },
  { "station_name": "Kalluru", "station_code": "KLU" },
  { "station_name": "Kalmeshwar", "station_code": "KSWR" },
  { "station_name": "Kalmitar", "station_code": "KLTR" },
  { "station_name": "Kalol", "station_code": "KLL" },
  { "station_name": "Kalpi", "station_code": "KPI" },
  { "station_name": "Kalsur", "station_code": "KVS" },
  { "station_name": "Kalunga", "station_code": "KLG" },
  { "station_name": "Kalupara ghat", "station_code": "KAPG" },
  { "station_name": "Kalyan jn", "station_code": "KYN" },
  { "station_name": "Kalyani", "station_code": "KYI" },
  { "station_name": "KALYANI SIMANTA", "station_code": "KLYM" },
  { "station_name": "Kalyanpur road", "station_code": "KPRD" },
  { "station_name": "Kamakhya", "station_code": "KYQ" },
  { "station_name": "Kamakhyaguri", "station_code": "KAMG" },
  { "station_name": "Kamalapuram", "station_code": "KKM" },
  { "station_name": "Kamalganj", "station_code": "KLJ" },
  { "station_name": "Kamalnagar", "station_code": "KMNR" },
  { "station_name": "Kamalpurgram", "station_code": "KLPG" },
  { "station_name": "Kamalur", "station_code": "KMLR" },
  { "station_name": "Kamarbandha ali", "station_code": "KXL" },
  { "station_name": "Kamareddi", "station_code": "KMC" },
  { "station_name": "Kamarkundu", "station_code": "KQU" },
  { "station_name": "Kamasamudram", "station_code": "KSM" },
  { "station_name": "Kamathe", "station_code": "KMAH" },
  { "station_name": "Kamptee", "station_code": "KP" },
  { "station_name": "Kampur", "station_code": "KWM" },
  { "station_name": "Kamshet", "station_code": "KMST" },
  { "station_name": "Kamtaul", "station_code": "KML" },
  { "station_name": "Kanaibazar", "station_code": "KNBR" },
  { "station_name": "Kanakot", "station_code": "KNKT" },
  { "station_name": "Kanakpura", "station_code": "KKU" },
  { "station_name": "Kanalas jn", "station_code": "KNLS" },
  { "station_name": "Kanamalo palle", "station_code": "KNLP" },
  { "station_name": "Kanas road", "station_code": "KASR" },
  { "station_name": "Kanasar", "station_code": "KNSR" },
  { "station_name": "Kanauta", "station_code": "KUT" },
  { "station_name": "Kanchipuram", "station_code": "CJ" },
  { "station_name": "Kanchrapara", "station_code": "KPA" },
  { "station_name": "Kandaghat", "station_code": "KDZ" },
  { "station_name": "Kandarpur", "station_code": "KDRP" },
  { "station_name": "Kandel road", "station_code": "KDLR" },
  { "station_name": "Kandla port", "station_code": "KDLP" },
  { "station_name": "Kandra", "station_code": "KND" },
  { "station_name": "Kandrori", "station_code": "KNDI" },
  { "station_name": "Kanginhal", "station_code": "KGX" },
  { "station_name": "Kangra", "station_code": "KGRA" },
  { "station_name": "Kangra mandir", "station_code": "KGMR" },
  { "station_name": "Kanhaipur", "station_code": "KNHP" },
  { "station_name": "Kanhangad", "station_code": "KZE" },
  { "station_name": "Kanhargaon naka", "station_code": "KNRG" },
  { "station_name": "Kanhegaon", "station_code": "KNGN" },
  { "station_name": "Kanil", "station_code": "KANJ" },
  { "station_name": "Kanina khas", "station_code": "KNNK" },
  { "station_name": "Kaniwara", "station_code": "KWB" },
  { "station_name": "Kaniyapuram", "station_code": "KXP" },
  { "station_name": "Kanjari boriyav", "station_code": "KBRV" },
  { "station_name": "Kankaha", "station_code": "KKAH" },
  { "station_name": "Kankather", "station_code": "KHE" },
  { "station_name": "Kankavali", "station_code": "KKW" },
  { "station_name": "Kanki", "station_code": "KKA" },
  { "station_name": "Kankinara", "station_code": "KNR" },
  { "station_name": "Kankroli", "station_code": "KDL" },
  { "station_name": "KANKURGACHHI ROAD JN", "station_code": "KGK" },
  { "station_name": "Kannapuram", "station_code": "KPQ" },
  { "station_name": "Kannauj", "station_code": "KJN" },
  { "station_name": "Kannur", "station_code": "CAN" },
  { "station_name": "Kanoh", "station_code": "KANO" },
  { "station_name": "Kanpur anwrganj", "station_code": "CPA" },
  { "station_name": "Kanpur central", "station_code": "CNB" },
  { "station_name": "Kanshbahal", "station_code": "KXN" },
  { "station_name": "Kansrao", "station_code": "QSR" },
  { "station_name": "Kantabanji", "station_code": "KBJ" },
  { "station_name": "Kantadih", "station_code": "KTD" },
  { "station_name": "Kantakapalle", "station_code": "KPL" },
  { "station_name": "Kanth", "station_code": "KNT" },
  { "station_name": "Kanthan jn", "station_code": "KNHN" },
  { "station_name": "Kanthi p h", "station_code": "KATI" },
  { "station_name": "Kanwalpura", "station_code": "KIW" },
  { "station_name": "Kanwar", "station_code": "KUW" },
  { "station_name": "Kanwat", "station_code": "KAWT" },
  { "station_name": "Kanyakumari", "station_code": "CAPE" },
  { "station_name": "Kapadvanj", "station_code": "KVNJ" },
  { "station_name": "Kapan", "station_code": "KPNA" },
  { "station_name": "Kapasan", "station_code": "KIN" },
  { "station_name": "Kapilas road", "station_code": "KIS" },
  { "station_name": "Kappil", "station_code": "KFI" },
  { "station_name": "Kapren", "station_code": "KPZ" },
  { "station_name": "Kapseti", "station_code": "KEH" },
  { "station_name": "Kaptanganj jn", "station_code": "CPJ" },
  { "station_name": "Kapurdha halt", "station_code": "KPDH" },
  { "station_name": "Kapurthala", "station_code": "KXH" },
  { "station_name": "Karaboh", "station_code": "KRBO" },
  { "station_name": "Karad", "station_code": "KRD" },
  { "station_name": "Karagola road", "station_code": "CRR" },
  { "station_name": "Karaikal", "station_code": "KIK" },
  { "station_name": "Karaikkudi jn", "station_code": "KKDI" },
  { "station_name": "Karaila road jn", "station_code": "KRLR" },
  { "station_name": "Karajgi", "station_code": "KJG" },
  { "station_name": "Karak bel", "station_code": "KKB" },
  { "station_name": "Karakavalasa", "station_code": "KVLS" },
  { "station_name": "Karambeli", "station_code": "KEB" },
  { "station_name": "Karamgarh sdrgh", "station_code": "KRSH" },
  { "station_name": "Karamnasa", "station_code": "KMS" },
  { "station_name": "Karamtola", "station_code": "KRMA" },
  { "station_name": "Karanja", "station_code": "KRJA" },
  { "station_name": "Karanjadi", "station_code": "KFD" },
  { "station_name": "Karanjgaon", "station_code": "KAJG" },
  { "station_name": "Karanpur ato", "station_code": "KPTO" },
  { "station_name": "Karari", "station_code": "KRQ" },
  { "station_name": "Karauta", "station_code": "KWO" },
  { "station_name": "Karavadi", "station_code": "KRV" },
  { "station_name": "Karbigwan", "station_code": "KBN" },
  { "station_name": "Karchana", "station_code": "KCN" },
  { "station_name": "Karchha", "station_code": "KDHA" },
  { "station_name": "Kareli", "station_code": "KY" },
  { "station_name": "Karengi", "station_code": "KEG" },
  { "station_name": "Karepalli", "station_code": "KRA" },
  { "station_name": "Karepur", "station_code": "KRPR" },
  { "station_name": "Kargi road", "station_code": "KGB" },
  { "station_name": "Karhiya bhadeli", "station_code": "KYX" },
  { "station_name": "Kariganuru", "station_code": "KGW" },
  { "station_name": "Karimganj jn", "station_code": "KXJ" },
  { "station_name": "Karimnagar", "station_code": "KRMR" },
  { "station_name": "Karimuddin pur", "station_code": "KMDR" },
  { "station_name": "Karisath", "station_code": "KRS" },
  { "station_name": "Karjat", "station_code": "KJT" },
  { "station_name": "Karjoda", "station_code": "KRJD" },
  { "station_name": "Karkeli", "station_code": "KKI" },
  { "station_name": "Karkheli", "station_code": "KEK" },
  { "station_name": "Karmad", "station_code": "KMV" },
  { "station_name": "Karmali", "station_code": "KRMI" },
  { "station_name": "Karna", "station_code": "KAR" },
  { "station_name": "Karnal", "station_code": "KUN" },
  { "station_name": "Karonda", "station_code": "KOA" },
  { "station_name": "Karonji", "station_code": "KJZ" },
  { "station_name": "Karpurigram", "station_code": "KPGM" },
  { "station_name": "Kartarpur", "station_code": "KRE" },
  { "station_name": "Karukkutty", "station_code": "KUC" },
  { "station_name": "Karunagapalli", "station_code": "KPY" },
  { "station_name": "Karur", "station_code": "KRR" },
  { "station_name": "Karwar", "station_code": "KAWR" },
  { "station_name": "Kasara", "station_code": "KSRA" },
  { "station_name": "Kasaragod", "station_code": "KGQ" },
  { "station_name": "Kasganj", "station_code": "KSJ" },
  { "station_name": "Kashi", "station_code": "KEI" },
  { "station_name": "Kashi chak", "station_code": "KSC" },
  { "station_name": "Kashipur", "station_code": "KPV" },
  { "station_name": "Kashipura sarar", "station_code": "KSPR" },
  { "station_name": "Kashti", "station_code": "KSTH" },
  { "station_name": "Kasimkota", "station_code": "KSK" },
  { "station_name": "Kasimpur", "station_code": "KCJ" },
  { "station_name": "Kastha", "station_code": "KSTA" },
  { "station_name": "Kasu", "station_code": "KASU" },
  { "station_name": "Kata road", "station_code": "KXX" },
  { "station_name": "Katakhal jn", "station_code": "KTX" },
  { "station_name": "Katangi", "station_code": "KGE" },
  { "station_name": "Katareah", "station_code": "KTRH" },
  { "station_name": "Kathal pukhuri", "station_code": "KTPR" },
  { "station_name": "KATHANA", "station_code": "KTNA" },
  { "station_name": "Kathara road", "station_code": "KTRR" },
  { "station_name": "Kathghar", "station_code": "KGF" },
  { "station_name": "Kathgodam", "station_code": "KGM" },
  { "station_name": "Kathleeghat", "station_code": "KEJ" },
  { "station_name": "Kathua", "station_code": "KTHU" },
  { "station_name": "Kathuwas", "station_code": "KTWS" },
  { "station_name": "Katihar jn", "station_code": "KIR" },
  { "station_name": "Katkola jn", "station_code": "KTLA" },
  { "station_name": "Katni", "station_code": "KTE" },
  { "station_name": "Katni murwara", "station_code": "KMZ" },
  { "station_name": "Katni south", "station_code": "KTES" },
  { "station_name": "Katol", "station_code": "KATL" },
  { "station_name": "Katora", "station_code": "KTO" },
  { "station_name": "Katosan road", "station_code": "KTRD" },
  { "station_name": "Katpadi jn", "station_code": "KPD" },
  { "station_name": "Katra", "station_code": "KEA" },
  { "station_name": "Katrasgarh", "station_code": "KTH" },
  { "station_name": "Katwa", "station_code": "KWAE" },
  { "station_name": "Katwa", "station_code": "KWF" },
  { "station_name": "Kaukuntla", "station_code": "KQQ" },
  { "station_name": "Kaurha", "station_code": "KUF" },
  { "station_name": "Kauwapur", "station_code": "KPE" },
  { "station_name": "Kavali", "station_code": "KVZ" },
  { "station_name": "Kavathe mahankl", "station_code": "KVK" },
  { "station_name": "Kavutaram", "station_code": "KVM" },
  { "station_name": "Kawargaon", "station_code": "KWGN" },
  { "station_name": "Kayalpattinam", "station_code": "KZY" },
  { "station_name": "Kayamsar", "station_code": "QMRS" },
  { "station_name": "Kayankulam jn", "station_code": "KYJ" },
  { "station_name": "Kayar", "station_code": "KAYR" },
  { "station_name": "Kayasthagram", "station_code": "KTGM" },
  { "station_name": "Kazhakuttam", "station_code": "KZK" },
  { "station_name": "Kazipet jn", "station_code": "KZJ" },
  { "station_name": "Keckhi", "station_code": "KCKI" },
  { "station_name": "Kedgaon", "station_code": "KDG" },
  { "station_name": "Kekatumar", "station_code": "KKG" },
  { "station_name": "Kelavli", "station_code": "KLY" },
  { "station_name": "Kelod", "station_code": "KLOD" },
  { "station_name": "Kelva road", "station_code": "KLV" },
  { "station_name": "Kem", "station_code": "KEM" },
  { "station_name": "Kemri", "station_code": "KEMR" },
  { "station_name": "Kendposi", "station_code": "KNPS" },
  { "station_name": "Kendrapara road", "station_code": "KNPR" },
  { "station_name": "KENDRI P H", "station_code": "KDRI" },
  { "station_name": "Kendujhargarh", "station_code": "KDJR" },
  { "station_name": "Kendukana", "station_code": "KDKN" },
  { "station_name": "Kengeri", "station_code": "KGI" },
  { "station_name": "Keolari", "station_code": "KLZ" },
  { "station_name": "Kesamudram", "station_code": "KDM" },
  { "station_name": "Kesavaram", "station_code": "KSVM" },
  { "station_name": "Keshavganj", "station_code": "KVJ" },
  { "station_name": "Keshod", "station_code": "KSD" },
  { "station_name": "Keshorai patan", "station_code": "KPTN" },
  { "station_name": "Kesinga", "station_code": "KSNG" },
  { "station_name": "Kesri singhpur", "station_code": "KESR" },
  { "station_name": "Ketti", "station_code": "KXT" },
  { "station_name": "Keutguda", "station_code": "KTGA" },
  { "station_name": "Khachrod", "station_code": "KUH" },
  { "station_name": "Khada", "station_code": "KZA" },
  { "station_name": "Khadapa", "station_code": "KDPA" },
  { "station_name": "Khadarpet", "station_code": "KDT" },
  { "station_name": "Khadki", "station_code": "KK" },
  { "station_name": "Khaga", "station_code": "KGA" },
  { "station_name": "Khagaria jn", "station_code": "KGG" },
  { "station_name": "Khagraghat road", "station_code": "KGLE" },
  { "station_name": "Khairar jn", "station_code": "KID" },
  { "station_name": "Khairatabad", "station_code": "KQD" },
  { "station_name": "Khairthal", "station_code": "KRH" },
  { "station_name": "Khajauli", "station_code": "KJI" },
  { "station_name": "Khajuraho", "station_code": "KURJ" },
  { "station_name": "Khajurhat", "station_code": "KJA" },
  { "station_name": "Khajwana", "station_code": "KJW" },
  { "station_name": "Khakharia", "station_code": "KKK" },
  { "station_name": "Khalari", "station_code": "KLRE" },
  { "station_name": "Khalilabad", "station_code": "KLD" },
  { "station_name": "Khalilpur", "station_code": "KIP" },
  { "station_name": "Khalipali", "station_code": "KHPL" },
  { "station_name": "Khalispur", "station_code": "KSF" },
  { "station_name": "Khallikot", "station_code": "KIT" },
  { "station_name": "Khaltipur", "station_code": "KTJ" },
  { "station_name": "Khamargachhi", "station_code": "KMAE" },
  { "station_name": "Khambhaliya", "station_code": "KMBL" },
  { "station_name": "Khambhat", "station_code": "CBY" },
  { "station_name": "Khamgaon", "station_code": "KMN" },
  { "station_name": "Khamil ghat", "station_code": "KBK" },
  { "station_name": "Khammam", "station_code": "KMT" },
  { "station_name": "Khana jn", "station_code": "KAN" },
  { "station_name": "Khanapur", "station_code": "KNP" },
  { "station_name": "Khandala", "station_code": "KAD" },
  { "station_name": "Khandbaara", "station_code": "KBH" },
  { "station_name": "Khanderi", "station_code": "KHDI" },
  { "station_name": "Khandip", "station_code": "KNDP" },
  { "station_name": "Khandwa", "station_code": "KNW" },
  { "station_name": "Khanna", "station_code": "KNN" },
  { "station_name": "Khanna banjari", "station_code": "KHBJ" },
  { "station_name": "Khanyan", "station_code": "KHN" },
  { "station_name": "Khapri kheda", "station_code": "KPKD" },
  { "station_name": "Kharagpur jn", "station_code": "KGP" },
  { "station_name": "Kharak", "station_code": "KHRK" },
  { "station_name": "Khareshwar road", "station_code": "KHRS" },
  { "station_name": "Kharia khangarh", "station_code": "KXG" },
  { "station_name": "Khariar road", "station_code": "KRAR" },
  { "station_name": "Kharsaliya", "station_code": "KRSA" },
  { "station_name": "Kharsia", "station_code": "KHS" },
  { "station_name": "Kharwa", "station_code": "KRW" },
  { "station_name": "Kharwa chanda", "station_code": "KRCD" },
  { "station_name": "Khat", "station_code": "KHAT" },
  { "station_name": "Khatauli", "station_code": "KAT" },
  { "station_name": "Khatgaon", "station_code": "KHTG" },
  { "station_name": "Khatima", "station_code": "KHMA" },
  { "station_name": "Khatipura", "station_code": "KWP" },
  { "station_name": "Khatu", "station_code": "KHTU" },
  { "station_name": "Khed", "station_code": "KHED" },
  { "station_name": "Khed brahma", "station_code": "KDBM" },
  { "station_name": "Kheduli", "station_code": "KQW" },
  { "station_name": "Khem karan", "station_code": "KEMK" },
  { "station_name": "Khemli", "station_code": "KLH" },
  { "station_name": "Kheralu", "station_code": "KRU" },
  { "station_name": "Kheri salwa", "station_code": "KSW" },
  { "station_name": "Kherli", "station_code": "KL" },
  { "station_name": "Kheta sarai", "station_code": "KS" },
  { "station_name": "Khijadiya jn", "station_code": "KJV" },
  { "station_name": "Khimel", "station_code": "KZQ" },
  { "station_name": "Khirkiya", "station_code": "KKN" },
  { "station_name": "Khirsadoh jn", "station_code": "KUX" },
  { "station_name": "Khodiyar", "station_code": "KHD" },
  { "station_name": "Khodiyar", "station_code": "KHDB" },
  { "station_name": "Khodri", "station_code": "KOI" },
  { "station_name": "Khoirabari", "station_code": "KBY" },
  { "station_name": "Khojewala", "station_code": "KWJ" },
  { "station_name": "Khongsara", "station_code": "KGS" },
  { "station_name": "Khopoli", "station_code": "KHPI" },
  { "station_name": "Khorana", "station_code": "KHC" },
  { "station_name": "Khorason road", "station_code": "KRND" },
  { "station_name": "Khori", "station_code": "KORI" },
  { "station_name": "Khudiram b pusa", "station_code": "KRBP" },
  { "station_name": "Khumtai", "station_code": "KUTI" },
  { "station_name": "Khundaur", "station_code": "KDF" },
  { "station_name": "Khurai", "station_code": "KYE" },
  { "station_name": "Khurda road jn", "station_code": "KUR" },
  { "station_name": "Khurdpur", "station_code": "KUPR" },
  { "station_name": "Khurhand", "station_code": "KHU" },
  { "station_name": "Khurial", "station_code": "KWE" },
  { "station_name": "Khurja city", "station_code": "KJY" },
  { "station_name": "Khurja jn", "station_code": "KRJ" },
  { "station_name": "Khusropur", "station_code": "KOO" },
  { "station_name": "Khutbav", "station_code": "KTT" },
  { "station_name": "Kichha", "station_code": "KHH" },
  { "station_name": "Kidiyanaga", "station_code": "KYG" },
  { "station_name": "Kikakui road", "station_code": "KKRD" },
  { "station_name": "Kila kadaiyam", "station_code": "KKY" },
  { "station_name": "Kila raipur", "station_code": "QRP" },
  { "station_name": "Kilikollur", "station_code": "KLQ" },
  { "station_name": "Kim", "station_code": "KIM" },
  { "station_name": "Kinwat", "station_code": "KNVT" },
  { "station_name": "Kirakat", "station_code": "KCT" },
  { "station_name": "Kirandul", "station_code": "KRDL" },
  { "station_name": "Kiraoli", "station_code": "KLB" },
  { "station_name": "Kiratgarh", "station_code": "KRTH" },
  { "station_name": "Kiratpur sahib", "station_code": "KART" },
  { "station_name": "Kirihrapur", "station_code": "KER" },
  { "station_name": "Kirloskarvadi", "station_code": "KOV" },
  { "station_name": "Kirodimalnagar", "station_code": "KDTR" },
  { "station_name": "Kishanganj", "station_code": "KNE" },
  { "station_name": "Kishangarh", "station_code": "KSG" },
  { "station_name": "Kishanpur", "station_code": "KSP" },
  { "station_name": "Kishengarh blws", "station_code": "KGBS" },
  { "station_name": "Kisoni", "station_code": "KONY" },
  { "station_name": "Kistamsetipalli", "station_code": "KSTE" },
  { "station_name": "Kiul jn", "station_code": "KIUL" },
  { "station_name": "Kivarli", "station_code": "KWI" },
  { "station_name": "KJV-VRL", "station_code": "VRLF" },
  { "station_name": "Kochuveli", "station_code": "KCVL" },
  { "station_name": "Kodaganur", "station_code": "KAG" },
  { "station_name": "Kodaikanal road", "station_code": "KQN" },
  { "station_name": "Kodavaluru", "station_code": "KJJ" },
  { "station_name": "Koderma", "station_code": "KQR" },
  { "station_name": "Kodi", "station_code": "KODI" },
  { "station_name": "Kodigehalli", "station_code": "KDGH" },
  { "station_name": "KODINAR", "station_code": "KODR" },
  { "station_name": "Kodiyar mandir", "station_code": "KDMR" },
  { "station_name": "Kodumudi", "station_code": "KMD" },
  { "station_name": "Koduru", "station_code": "KOU" },
  { "station_name": "Koelwar", "station_code": "KWR" },
  { "station_name": "Kohir deccan", "station_code": "KOHR" },
  { "station_name": "Koiripur", "station_code": "KEPR" },
  { "station_name": "Kokpara", "station_code": "KKPR" },
  { "station_name": "Kokrajhar", "station_code": "KOJ" },
  { "station_name": "Kolad", "station_code": "KOL" },
  { "station_name": "KOLAGHAT GOODS", "station_code": "KIG" },
  { "station_name": "Kolakalur", "station_code": "KLX" },
  { "station_name": "Kolamb", "station_code": "KULE" },
  { "station_name": "Kolanukonda", "station_code": "KAQ" },
  { "station_name": "Kolar", "station_code": "KQZ" },
  { "station_name": "Kolaras", "station_code": "KLRS" },
  { "station_name": "Kolayat", "station_code": "KLYT" },
  { "station_name": "Kolda", "station_code": "KFF" },
  { "station_name": "Kolkata", "station_code": "CP" },
  { "station_name": "Kolkata", "station_code": "KOAA" },
  { "station_name": "Kollam jn", "station_code": "QLN" },
  { "station_name": "Kollengode", "station_code": "KLGD" },
  { "station_name": "Kollikhutaha", "station_code": "KKTA" },
  { "station_name": "Kolnur", "station_code": "KOLR" },
  { "station_name": "Kolvagram", "station_code": "KVGM" },
  { "station_name": "Komakhan", "station_code": "KMK" },
  { "station_name": "Komali", "station_code": "KMQA" },
  { "station_name": "Komatipalli", "station_code": "KMX" },
  { "station_name": "KONCH", "station_code": "KNH" },
  { "station_name": "Kondagunta", "station_code": "KQA" },
  { "station_name": "Kondapalli", "station_code": "KI" },
  { "station_name": "Kondapuram", "station_code": "KDP" },
  { "station_name": "Konnur", "station_code": "KONN" },
  { "station_name": "Kopa samhota", "station_code": "KPS" },
  { "station_name": "Kopai", "station_code": "KPLE" },
  { "station_name": "Kopargaon", "station_code": "KPG" },
  { "station_name": "Koparia", "station_code": "KFA" },
  { "station_name": "Koppal", "station_code": "KBL" },
  { "station_name": "Koradih", "station_code": "KRDH" },
  { "station_name": "Korahia", "station_code": "KRHA" },
  { "station_name": "Korai halt", "station_code": "KRIH" },
  { "station_name": "Koraput", "station_code": "KRPU" },
  { "station_name": "Koratti angadi", "station_code": "KRAN" },
  { "station_name": "Korba", "station_code": "KRBA" },
  { "station_name": "Koregaon", "station_code": "KRG" },
  { "station_name": "Korukkupet jn", "station_code": "KOK" },
  { "station_name": "Korukonda", "station_code": "KUK" },
  { "station_name": "Kosad", "station_code": "KSE" },
  { "station_name": "Kosamba jn", "station_code": "KSB" },
  { "station_name": "Kosgi", "station_code": "KO" },
  { "station_name": "Kosi kalan", "station_code": "KSV" },
  { "station_name": "Kosli", "station_code": "KSI" },
  { "station_name": "Kot kapura", "station_code": "KKP" },
  { "station_name": "Kota jn", "station_code": "KOTA" },
  { "station_name": "Kotabommali", "station_code": "KBM" },
  { "station_name": "Kotakadra", "station_code": "KTKA" },
  { "station_name": "Kotala", "station_code": "KEN" },
  { "station_name": "Kotalpukur", "station_code": "KLP" },
  { "station_name": "Kotana", "station_code": "KTOA" },
  { "station_name": "Kotapar road", "station_code": "KPRR" },
  { "station_name": "Kotarlia", "station_code": "KRL" },
  { "station_name": "Kotdwara", "station_code": "KTW" },
  { "station_name": "Kothacheruvu", "station_code": "KTCR" },
  { "station_name": "Kothar", "station_code": "KTR" },
  { "station_name": "Kothari road", "station_code": "KTHD" },
  { "station_name": "Koti", "station_code": "KOTI" },
  { "station_name": "Kotikulam", "station_code": "KQK" },
  { "station_name": "KOTIPALLI", "station_code": "KPLH" },
  { "station_name": "Kotlakheri", "station_code": "KTKH" },
  { "station_name": "Kotli kalan", "station_code": "KTKL" },
  { "station_name": "Kotma", "station_code": "KTMA" },
  { "station_name": "Kotmi sonan hlt", "station_code": "KTSH" },
  { "station_name": "Kotshila", "station_code": "KSX" },
  { "station_name": "Kotta pndlpalli", "station_code": "KPLL" },
  { "station_name": "Kottapalli", "station_code": "KYOP" },
  { "station_name": "Kottarakara", "station_code": "KKZ" },
  { "station_name": "Kottavalasa", "station_code": "KTV" },
  { "station_name": "Kottayam", "station_code": "KTYM" },
  { "station_name": "Kottur halt", "station_code": "KOTT" },
  { "station_name": "Kotturu", "station_code": "KTY" },
  { "station_name": "Kovilpatti", "station_code": "CVP" },
  { "station_name": "Kovvur", "station_code": "KVR" },
  { "station_name": "Kozhikode", "station_code": "CLT" },
  { "station_name": "Krishna", "station_code": "KSN" },
  { "station_name": "Krishna canal", "station_code": "KCC" },
  { "station_name": "Krishna ch pura", "station_code": "KCV" },
  { "station_name": "Krishnammakona", "station_code": "KEF" },
  { "station_name": "Krishnapur", "station_code": "KRP" },
  { "station_name": "Krishnapuram", "station_code": "KPU" },
  { "station_name": "Krishnarajapurm", "station_code": "KJM" },
  { "station_name": "Krishnarajasgra", "station_code": "KJS" },
  { "station_name": "Krishnarajnagar", "station_code": "KRNR" },
  { "station_name": "Krishnashilla", "station_code": "KRSL" },
  { "station_name": "Krishngr cty jn", "station_code": "KNJ" },
  { "station_name": "Kuanriya", "station_code": "KXA" },
  { "station_name": "Kuarmunda", "station_code": "KRMD" },
  { "station_name": "Kuchaman city", "station_code": "KMNC" },
  { "station_name": "Kuchman", "station_code": "KCA" },
  { "station_name": "Kudachi", "station_code": "KUD" },
  { "station_name": "Kudal", "station_code": "KUDL" },
  { "station_name": "Kudalnagar", "station_code": "KON" },
  { "station_name": "Kudatini", "station_code": "KDN" },
  { "station_name": "Kudra", "station_code": "KTQ" },
  { "station_name": "Kudsad", "station_code": "KDSD" },
  { "station_name": "Kuhuri", "station_code": "KUU" },
  { "station_name": "Kukma", "station_code": "KEMA" },
  { "station_name": "Kukra khapa", "station_code": "KFP" },
  { "station_name": "Kulali", "station_code": "KUI" },
  { "station_name": "Kulem", "station_code": "QLM" },
  { "station_name": "Kulharia", "station_code": "KUA" },
  { "station_name": "Kulitalai", "station_code": "KLT" },
  { "station_name": "Kulitthurai", "station_code": "KZT" },
  { "station_name": "Kulitturai west", "station_code": "KZTW" },
  { "station_name": "Kulpahar", "station_code": "KLAR" },
  { "station_name": "Kulti", "station_code": "ULT" },
  { "station_name": "Kulwa", "station_code": "KLA" },
  { "station_name": "Kumar sadra", "station_code": "KMSD" },
  { "station_name": "Kumarapuram", "station_code": "KPM" },
  { "station_name": "Kumardubi", "station_code": "KMME" },
  { "station_name": "Kumarganj", "station_code": "KMRJ" },
  { "station_name": "Kumarghat", "station_code": "KUGT" },
  { "station_name": "Kumarhatti", "station_code": "KMTI" },
  { "station_name": "Kumbakonam", "station_code": "KMU" },
  { "station_name": "Kumbhraj", "station_code": "KHRJ" },
  { "station_name": "Kumbla", "station_code": "KMQ" },
  { "station_name": "Kumedpur", "station_code": "KDPR" },
  { "station_name": "Kumendi", "station_code": "KMND" },
  { "station_name": "Kumhar marenga", "station_code": "KMEZ" },
  { "station_name": "Kumhari", "station_code": "KMI" },
  { "station_name": "Kumrabad rohini", "station_code": "KBQ" },
  { "station_name": "Kumsi", "station_code": "KMSI" },
  { "station_name": "Kumta", "station_code": "KT" },
  { "station_name": "Kumtha khurd", "station_code": "KTKR" },
  { "station_name": "Kund", "station_code": "KUND" },
  { "station_name": "Kunda harnamgnj", "station_code": "KHNM" },
  { "station_name": "Kundalgarh", "station_code": "KDLG" },
  { "station_name": "Kundapura", "station_code": "KUDA" },
  { "station_name": "Kundara", "station_code": "KUV" },
  { "station_name": "Kundara east", "station_code": "KFV" },
  { "station_name": "Kundarkhi", "station_code": "KD" },
  { "station_name": "Kundgol", "station_code": "KNO" },
  { "station_name": "Kundli", "station_code": "KDI" },
  { "station_name": "Kuneanganj", "station_code": "KVG" },
  { "station_name": "Kuneru", "station_code": "KNRT" },
  { "station_name": "Kunkavav jn", "station_code": "KKV" },
  { "station_name": "Kunki", "station_code": "KZU" },
  { "station_name": "Kuntighat", "station_code": "KJU" },
  { "station_name": "Kup", "station_code": "KUP" },
  { "station_name": "Kupgal", "station_code": "KGL" },
  { "station_name": "Kuppam", "station_code": "KPN" },
  { "station_name": "Kurabalakota", "station_code": "KBA" },
  { "station_name": "Kurali", "station_code": "KRLI" },
  { "station_name": "Kuranga", "station_code": "KRGA" },
  { "station_name": "Kurduvadi", "station_code": "KWV" },
  { "station_name": "Kurebhar", "station_code": "KBE" },
  { "station_name": "Kurgunta", "station_code": "KQT" },
  { "station_name": "Kuri", "station_code": "KIF" },
  { "station_name": "Kurichedu", "station_code": "KCD" },
  { "station_name": "Kurinijipadi", "station_code": "KJPD" },
  { "station_name": "Kurla jn", "station_code": "CLA" },
  { "station_name": "Kurlas", "station_code": "KRLS" },
  { "station_name": "Kurnool city", "station_code": "KRNT" },
  { "station_name": "Kursela", "station_code": "KUE" },
  { "station_name": "Kurseong", "station_code": "KGN" },
  { "station_name": "Kurukshetra jn", "station_code": "KKDE" },
  { "station_name": "Kurumbur", "station_code": "KZB" },
  { "station_name": "Kurumurthi", "station_code": "KXI" },
  { "station_name": "Kuruppan tara", "station_code": "KRPP" },
  { "station_name": "Kurwai kethora", "station_code": "KIKA" },
  { "station_name": "Kushal pura", "station_code": "KLSP" },
  { "station_name": "Kushtala", "station_code": "KTA" },
  { "station_name": "Kushtaur", "station_code": "KSU" },
  { "station_name": "Kusmhi", "station_code": "KHM" },
  { "station_name": "Kusugali", "station_code": "KUG" },
  { "station_name": "Kusumkasa", "station_code": "KYS" },
  { "station_name": "Kutralam", "station_code": "KTM" },
  { "station_name": "Kuttippuram", "station_code": "KTU" },
  { "station_name": "Kuwanthal", "station_code": "KUTL" },
  { "station_name": "KWAR", "station_code": "KWAR" },
  { "station_name": "Kyataneakeri rd", "station_code": "KTK" },
  { "station_name": "Kyatsandra", "station_code": "KIAT" }
]
