[
  { "station_name": "Laban", "station_code": "LBN" },
  { "station_name": "Labha", "station_code": "LAV" },
  { "station_name": "Lachhmangarh sk", "station_code": "LNH" },
  { "station_name": "Lachhmanpur", "station_code": "LMN" },
  { "station_name": "Lachyan", "station_code": "LHN" },
  { "station_name": "Ladda", "station_code": "LDX" },
  { "station_name": "Ladhowal", "station_code": "LDW" },
  { "station_name": "Ladnun", "station_code": "LAU" },
  { "station_name": "Ladpura", "station_code": "LR" },
  { "station_name": "Lagargawan", "station_code": "LGCE" },
  { "station_name": "Lahabon", "station_code": "LHB" },
  { "station_name": "Laheria sarai", "station_code": "LSI" },
  { "station_name": "Lahli", "station_code": "LHLL" },
  { "station_name": "Lailakh mamlkha", "station_code": "LMM" },
  { "station_name": "Lajpat nagar", "station_code": "LPNR" },
  { "station_name": "Lakadiya", "station_code": "LKZ" },
  { "station_name": "Lakhabawal", "station_code": "LKBL" },
  { "station_name": "Lakhamanchi", "station_code": "LMC" },
  { "station_name": "Lakheri", "station_code": "LKE" },
  { "station_name": "Lakhewali", "station_code": "LKW" },
  { "station_name": "Lakhimpur", "station_code": "LMP" },
  { "station_name": "Lakhmapur", "station_code": "LKY" },
  { "station_name": "Lakhminia", "station_code": "LKN" },
  { "station_name": "Lakhna", "station_code": "LKNA" },
  { "station_name": "Lakhnauria", "station_code": "LNQ" },
  { "station_name": "Lakholi", "station_code": "LAE" },
  { "station_name": "Lakhpat", "station_code": "LAA" },
  { "station_name": "Lakhtar", "station_code": "LTR" },
  { "station_name": "Lakkadkot", "station_code": "LKKD" },
  { "station_name": "Lakkavarapukota", "station_code": "LVK" },
  { "station_name": "Lakkiti", "station_code": "LDY" },
  { "station_name": "Lakodara", "station_code": "LKD" },
  { "station_name": "Laksar jn", "station_code": "LRJ" },
  { "station_name": "Lakshmibai ngr", "station_code": "LMNR" },
  { "station_name": "Lakshmikantpur", "station_code": "LKPR" },
  { "station_name": "Lakswa", "station_code": "LXA" },
  { "station_name": "Lal kuan", "station_code": "LKU" },
  { "station_name": "Lalaguda gate", "station_code": "LGDH" },
  { "station_name": "Lalawadi", "station_code": "LLD" },
  { "station_name": "Lalbagh crt rd", "station_code": "LCAE" },
  { "station_name": "Lalganj", "station_code": "LLJ" },
  { "station_name": "Lalgarh jn", "station_code": "LGH" },
  { "station_name": "Lalgola", "station_code": "LGL" },
  { "station_name": "Lalgopalganj", "station_code": "LGO" },
  { "station_name": "Lalgudi", "station_code": "LLI" },
  { "station_name": "Lalit lakshmipr", "station_code": "LLPR" },
  { "station_name": "Lalitpur", "station_code": "LAR" },
  { "station_name": "Lalpur", "station_code": "LLR" },
  { "station_name": "Lalpur jam", "station_code": "LPJ" },
  { "station_name": "Lalpur umri", "station_code": "LRU" },
  { "station_name": "Lamana", "station_code": "LNA" },
  { "station_name": "Lambhua", "station_code": "LBA" },
  { "station_name": "Lamta", "station_code": "LTA" },
  { "station_name": "Landaura", "station_code": "LDR" },
  { "station_name": "Langting", "station_code": "LGT" },
  { "station_name": "Lanjigarh road", "station_code": "LJR" },
  { "station_name": "Lanka", "station_code": "LKA" },
  { "station_name": "Lankalakoderu", "station_code": "LKDU" },
  { "station_name": "Lar road", "station_code": "LRD" },
  { "station_name": "Lasalgaon", "station_code": "LS" },
  { "station_name": "Laseri", "station_code": "LSE" },
  { "station_name": "Lasur", "station_code": "LSR" },
  { "station_name": "Latehar", "station_code": "LTHR" },
  { "station_name": "Lathi", "station_code": "LAT" },
  { "station_name": "Lathidad", "station_code": "LTD" },
  { "station_name": "Latur", "station_code": "LUR" },
  { "station_name": "Latur road", "station_code": "LTRR" },
  { "station_name": "Laukaha bazar", "station_code": "LKQ" },
  { "station_name": "Laul", "station_code": "LAUL" },
  { "station_name": "Lawa sardargarh", "station_code": "LSG" },
  { "station_name": "Laxmipur road", "station_code": "LKMR" },
  { "station_name": "Ledarmer", "station_code": "LDM" },
  { "station_name": "Ledo", "station_code": "LEDO" },
  { "station_name": "Lehra gaga", "station_code": "LHA" },
  { "station_name": "Lekhapani", "station_code": "LKPE" },
  { "station_name": "Lekoda", "station_code": "LOD" },
  { "station_name": "Leliguma", "station_code": "LLGM" },
  { "station_name": "Lidhora khurd", "station_code": "LDA" },
  { "station_name": "Lilapur road", "station_code": "LPR" },
  { "station_name": "Liliya mota", "station_code": "LMO" },
  { "station_name": "Limbdi", "station_code": "LM" },
  { "station_name": "Limbgaon", "station_code": "LBG" },
  { "station_name": "Limkheda", "station_code": "LMK" },
  { "station_name": "Linga", "station_code": "LIG" },
  { "station_name": "Lingamguntla", "station_code": "LIN" },
  { "station_name": "Lingampalli", "station_code": "LPI" },
  { "station_name": "Linganenidoddi", "station_code": "LMD" },
  { "station_name": "Lingti", "station_code": "LNT" },
  { "station_name": "Lodipur bishnpr", "station_code": "LDP" },
  { "station_name": "Lodna", "station_code": "LRA" },
  { "station_name": "Loharu", "station_code": "LHU" },
  { "station_name": "Lohgarh abub", "station_code": "LGB" },
  { "station_name": "Lohian khas jn", "station_code": "LNK" },
  { "station_name": "Lohna road", "station_code": "LNO" },
  { "station_name": "Lohogad", "station_code": "LHD" },
  { "station_name": "Loisingha", "station_code": "LSX" },
  { "station_name": "Lokdhikhera", "station_code": "LDE" },
  { "station_name": "Lokmanya nagar", "station_code": "LKMN" },
  { "station_name": "Lokmanyatilak t", "station_code": "LTT" },
  { "station_name": "Loliem", "station_code": "LOL" },
  { "station_name": "Lonand", "station_code": "LNN" },
  { "station_name": "LONAVALA", "station_code": "LNL" },
  { "station_name": "Londa jn", "station_code": "LD" },
  { "station_name": "Longrangajao", "station_code": "LJO" },
  { "station_name": "Loni", "station_code": "LONI" },
  { "station_name": "Lorha", "station_code": "LOA" },
  { "station_name": "Lorwada", "station_code": "LW" },
  { "station_name": "Lotapahar", "station_code": "LPH" },
  { "station_name": "Lotarva", "station_code": "LTV" },
  { "station_name": "Lottegolahali h", "station_code": "LOGH" },
  { "station_name": "Lovedale", "station_code": "LOV" },
  { "station_name": "Lower haflong", "station_code": "LFG" },
  { "station_name": "Luckeesarai jn", "station_code": "LKR" },
  { "station_name": "Lucknow city", "station_code": "LC" },
  { "station_name": "Lucknow ne", "station_code": "LJN" },
  { "station_name": "Lucknow nr", "station_code": "LKO" },
  { "station_name": "Ludhiana jn", "station_code": "LDH" },
  { "station_name": "Lumding jn", "station_code": "LMG" },
  { "station_name": "Luni jn", "station_code": "LUNI" },
  { "station_name": "Luni richha", "station_code": "LNR" },
  { "station_name": "Lunidhar", "station_code": "LDU" },
  { "station_name": "Lunkaransar", "station_code": "LKS" },
  { "station_name": "Lunseriya", "station_code": "LXR" },
  { "station_name": "Lusa", "station_code": "LUSA" },
  { "station_name": "Lusadiya", "station_code": "LSD" },
  { "station_name": "Lushala", "station_code": "LAL" }
]
