[
  { "station_name": "Macharya", "station_code": "MCV" },
  { "station_name": "Machavaram", "station_code": "MCVM" },
  { "station_name": "Macherla", "station_code": "MCLA" },
  { "station_name": "Machhakunda", "station_code": "MKRD" },
  { "station_name": "Machilipatnam", "station_code": "MTM" },
  { "station_name": "Madan mahal", "station_code": "MML" },
  { "station_name": "Madanapalle rd", "station_code": "MPL" },
  { "station_name": "Madankata", "station_code": "MNC" },
  { "station_name": "Madanpur", "station_code": "MPJ" },
  { "station_name": "Madar", "station_code": "MD" },
  { "station_name": "Madar jn", "station_code": "MDJN" },
  { "station_name": "Madavnagar road", "station_code": "MDRR" },
  { "station_name": "Maddikera", "station_code": "MKR" },
  { "station_name": "Maddur", "station_code": "MAD" },
  { "station_name": "Madgaon", "station_code": "MAO" },
  { "station_name": "Madha", "station_code": "MA" },
  { "station_name": "Madhavnagar", "station_code": "MDVR" },
  { "station_name": "Madhi", "station_code": "MID" },
  { "station_name": "Madhira", "station_code": "MDR" },
  { "station_name": "Madhopur punjab", "station_code": "MDPB" },
  { "station_name": "Madhosingh", "station_code": "MBS" },
  { "station_name": "Madhubani", "station_code": "MBI" },
  { "station_name": "Madhupur jn", "station_code": "MDP" },
  { "station_name": "MADHYAMGRAM", "station_code": "MMG" },
  { "station_name": "Madimangalam", "station_code": "MCL" },
  { "station_name": "Madurai jn", "station_code": "MDU" },
  { "station_name": "Madurantakam", "station_code": "MMK" },
  { "station_name": "Madure", "station_code": "MADR" },
  { "station_name": "Madwarani", "station_code": "MWRN" },
  { "station_name": "Maghar", "station_code": "MHH" },
  { "station_name": "Magra", "station_code": "MUG" },
  { "station_name": "MAGRA HAT", "station_code": "MGT" },
  { "station_name": "Mahabubnagar to", "station_code": "MHBT" },
  { "station_name": "Mahadanapuram", "station_code": "MMH" },
  { "station_name": "Mahadeokhedi", "station_code": "MDVK" },
  { "station_name": "Mahadevpara", "station_code": "MHDP" },
  { "station_name": "Mahajan", "station_code": "MHJ" },
  { "station_name": "Mahalam", "station_code": "MFM" },
  { "station_name": "Mahali marup", "station_code": "MMV" },
  { "station_name": "Mahanadi", "station_code": "MHN" },
  { "station_name": "Mahanagar", "station_code": "MANG" },
  { "station_name": "Mahansar", "station_code": "MWR" },
  { "station_name": "MAHARAJGANJ", "station_code": "MGZ" },
  { "station_name": "Mahasamund", "station_code": "MSMD" },
  { "station_name": "Mahbubabad", "station_code": "MABD" },
  { "station_name": "Mahbubnagar", "station_code": "MBNR" },
  { "station_name": "Mahe", "station_code": "MAHE" },
  { "station_name": "Maheji", "station_code": "MYJ" },
  { "station_name": "Mahendragarh", "station_code": "MHRG" },
  { "station_name": "Mahes khunt", "station_code": "MSK" },
  { "station_name": "Mahesana jn", "station_code": "MSH" },
  { "station_name": "MAHESANA JN", "station_code": "MSHF" },
  { "station_name": "Maheshi", "station_code": "MVV" },
  { "station_name": "Maheshmunda", "station_code": "MMD" },
  { "station_name": "Mahidpur road", "station_code": "MEP" },
  { "station_name": "Mahipal road", "station_code": "MPLR" },
  { "station_name": "Mahisgaon", "station_code": "MGO" },
  { "station_name": "Mahmudabad avdh", "station_code": "MMB" },
  { "station_name": "Mahmudpur sryn", "station_code": "MZN" },
  { "station_name": "Mahoba", "station_code": "MBA" },
  { "station_name": "Maholi", "station_code": "MAHO" },
  { "station_name": "Mahpur", "station_code": "MHO" },
  { "station_name": "Mahroi", "station_code": "MFQ" },
  { "station_name": "Mahuamilan", "station_code": "MMLN" },
  { "station_name": "Mahuariya", "station_code": "MXY" },
  { "station_name": "Mahuda", "station_code": "MHQ" },
  { "station_name": "Mahugarha", "station_code": "MUGA" },
  { "station_name": "Mahur", "station_code": "MXR" },
  { "station_name": "Mahuva jn", "station_code": "MHV" },
  { "station_name": "Mahwa", "station_code": "MWW" },
  { "station_name": "Maibang", "station_code": "MBG" },
  { "station_name": "Maihar", "station_code": "MYR" },
  { "station_name": "Maikalganj", "station_code": "MINJ" },
  { "station_name": "Mailani", "station_code": "MLN" },
  { "station_name": "Mailaram", "station_code": "MWY" },
  { "station_name": "Mailongdisa", "station_code": "MGX" },
  { "station_name": "Mainpuri", "station_code": "MNQ" },
  { "station_name": "Mairwa", "station_code": "MW" },
  { "station_name": "MAISHASHAN", "station_code": "MSSN" },
  { "station_name": "Majbat", "station_code": "MJBT" },
  { "station_name": "MAJERHAT", "station_code": "MJT" },
  { "station_name": "Majhagawan", "station_code": "MJG" },
  { "station_name": "Majhola pakarya", "station_code": "MJZ" },
  { "station_name": "Majhowlia", "station_code": "MJL" },
  { "station_name": "Majorda", "station_code": "MJO" },
  { "station_name": "Majri jn", "station_code": "MJRI" },
  { "station_name": "Makarpura", "station_code": "MPR" },
  { "station_name": "Makhdumpur gaya", "station_code": "MDE" },
  { "station_name": "Makhu", "station_code": "MXH" },
  { "station_name": "Makkhanpur", "station_code": "MNR" },
  { "station_name": "Maklidrug", "station_code": "MKL" },
  { "station_name": "Makrana jn", "station_code": "MKN" },
  { "station_name": "Makrera", "station_code": "MKRA" },
  { "station_name": "Makronia", "station_code": "MKRN" },
  { "station_name": "Maksi", "station_code": "MKC" },
  { "station_name": "Makudi", "station_code": "MKDI" },
  { "station_name": "Makum jn", "station_code": "MJN" },
  { "station_name": "Malakhera", "station_code": "MKH" },
  { "station_name": "Malakpet", "station_code": "MXT" },
  { "station_name": "Malancha", "station_code": "MLNH" },
  { "station_name": "Malanpur", "station_code": "MLAR" },
  { "station_name": "Malarna", "station_code": "MLZ" },
  { "station_name": "Malavli", "station_code": "MVL" },
  { "station_name": "MALDA COURT", "station_code": "MLFC" },
  { "station_name": "Malda town", "station_code": "MLDT" },
  { "station_name": "Malegaon vyenku", "station_code": "MGVK" },
  { "station_name": "Malerkotla", "station_code": "MET" },
  { "station_name": "Malhar", "station_code": "MAAR" },
  { "station_name": "Malhargarh", "station_code": "MLG" },
  { "station_name": "Malhour", "station_code": "ML" },
  { "station_name": "Maligura", "station_code": "MVG" },
  { "station_name": "Malihabad", "station_code": "MLD" },
  { "station_name": "Malikpeth", "station_code": "MKPT" },
  { "station_name": "Malipur", "station_code": "MLPR" },
  { "station_name": "Maliya hatina", "station_code": "MLHA" },
  { "station_name": "Maliya miyana", "station_code": "MALB" },
  { "station_name": "Malkajgiri", "station_code": "MJF" },
  { "station_name": "Malkapur", "station_code": "MKU" },
  { "station_name": "Malkapur road", "station_code": "MALK" },
  { "station_name": "Malkapuram", "station_code": "MLK" },
  { "station_name": "Malkhaid road", "station_code": "MQR" },
  { "station_name": "Malkisar", "station_code": "MLC" },
  { "station_name": "Mallanwala khas", "station_code": "MWX" },
  { "station_name": "Mallappa gate h", "station_code": "MLGT" },
  { "station_name": "Mallapur", "station_code": "MLP" },
  { "station_name": "Mallarpur", "station_code": "MLV" },
  { "station_name": "Malleswaram", "station_code": "MWM" },
  { "station_name": "Mallickpur hat", "station_code": "MKRH" },
  { "station_name": "Mallividu", "station_code": "MVW" },
  { "station_name": "Malliyala", "station_code": "MYL" },
  { "station_name": "Malliyam", "station_code": "MY" },
  { "station_name": "Malout", "station_code": "MOT" },
  { "station_name": "Malsailu", "station_code": "MLSU" },
  { "station_name": "Malsian shahkht", "station_code": "MQS" },
  { "station_name": "Malthan", "station_code": "MLM" },
  { "station_name": "Malugur", "station_code": "MLU" },
  { "station_name": "Malur", "station_code": "MLO" },
  { "station_name": "Malwan", "station_code": "MWH" },
  { "station_name": "Malwara", "station_code": "MBW" },
  { "station_name": "Maman", "station_code": "MOM" },
  { "station_name": "Mamanduru", "station_code": "MRM" },
  { "station_name": "Mambalam", "station_code": "MBM" },
  { "station_name": "Mamdapur halt", "station_code": "MMPR" },
  { "station_name": "Manabar", "station_code": "MVF" },
  { "station_name": "Manaksar", "station_code": "MNSR" },
  { "station_name": "Manamadurai jn", "station_code": "MNM" },
  { "station_name": "Mananpur", "station_code": "MNP" },
  { "station_name": "Mananwala", "station_code": "MOW" },
  { "station_name": "Manaparai", "station_code": "MPA" },
  { "station_name": "Manauri", "station_code": "MRE" },
  { "station_name": "Mancheswar", "station_code": "MCS" },
  { "station_name": "Manchili", "station_code": "MCLE" },
  { "station_name": "Manchiryal", "station_code": "MCI" },
  { "station_name": "Manda road", "station_code": "MNF" },
  { "station_name": "Mandagere", "station_code": "MGF" },
  { "station_name": "Mandal", "station_code": "MDL" },
  { "station_name": "Mandalgarh", "station_code": "MLGH" },
  { "station_name": "Mandamari", "station_code": "MMZ" },
  { "station_name": "Mandapadu", "station_code": "MDPD" },
  { "station_name": "Mandapam", "station_code": "MMM" },
  { "station_name": "Mandar hill", "station_code": "MDLE" },
  { "station_name": "Mandasa road", "station_code": "MMS" },
  { "station_name": "Mandasor", "station_code": "MDS" },
  { "station_name": "Mandavalli", "station_code": "MDVL" },
  { "station_name": "Mandawar m rd", "station_code": "MURD" },
  { "station_name": "Manderdisa", "station_code": "MYD" },
  { "station_name": "Mandhana jn", "station_code": "MDA" },
  { "station_name": "Mandhar", "station_code": "MDH" },
  { "station_name": "Mandi adampur", "station_code": "ADR" },
  { "station_name": "Mandi bamora", "station_code": "MABA" },
  { "station_name": "Mandi dabwali", "station_code": "MBY" },
  { "station_name": "Mandi dhanaura", "station_code": "MNDR" },
  { "station_name": "Mandi dip", "station_code": "MDDP" },
  { "station_name": "Mandir hasaud", "station_code": "MNDH" },
  { "station_name": "Mandla fort", "station_code": "MFR" },
  { "station_name": "Mandor", "station_code": "MDB" },
  { "station_name": "Mandrak", "station_code": "MXK" },
  { "station_name": "Manduadih", "station_code": "MUV" },
  { "station_name": "Mandya", "station_code": "MYA" },
  { "station_name": "Manendragarh", "station_code": "MDGR" },
  { "station_name": "Mangal mahudi", "station_code": "MAM" },
  { "station_name": "Mangalagiri", "station_code": "MAG" },
  { "station_name": "Mangaliyawas", "station_code": "MLI" },
  { "station_name": "Mangalore cntl", "station_code": "MAQ" },
  { "station_name": "Mangalore jn", "station_code": "MAJN" },
  { "station_name": "Mangaon", "station_code": "MNI" },
  { "station_name": "Mangapatnam", "station_code": "MUM" },
  { "station_name": "Mangela", "station_code": "MGL" },
  { "station_name": "Mangliya gaon", "station_code": "MGG" },
  { "station_name": "Mangolpuri", "station_code": "MGLP" },
  { "station_name": "Mangra", "station_code": "MAZ" },
  { "station_name": "Mangrolla", "station_code": "MGRL" },
  { "station_name": "Manheru", "station_code": "MHU" },
  { "station_name": "Manigachi", "station_code": "MGI" },
  { "station_name": "Manigram", "station_code": "MGLE" },
  { "station_name": "Manihari", "station_code": "MHI" },
  { "station_name": "Manikgarh", "station_code": "MAGH" },
  { "station_name": "Manikpur jn", "station_code": "MKP" },
  { "station_name": "Manikul", "station_code": "MIK" },
  { "station_name": "Maninagar", "station_code": "MAN" },
  { "station_name": "Manjari budruk", "station_code": "MJBK" },
  { "station_name": "Manjeshwar", "station_code": "MJS" },
  { "station_name": "Manjhi", "station_code": "MHT" },
  { "station_name": "Mankapur jn", "station_code": "MUR" },
  { "station_name": "Mankar", "station_code": "MNAE" },
  { "station_name": "Mankarai", "station_code": "MNY" },
  { "station_name": "Mankatha", "station_code": "MKB" },
  { "station_name": "Manki", "station_code": "MANK" },
  { "station_name": "Manmad jn", "station_code": "MMR" },
  { "station_name": "Mannanur", "station_code": "MNUR" },
  { "station_name": "Mannargudi", "station_code": "MQ" },
  { "station_name": "Manoharabad", "station_code": "MOB" },
  { "station_name": "Manoharganj", "station_code": "MNJ" },
  { "station_name": "Manoharpur", "station_code": "MOU" },
  { "station_name": "Manopad", "station_code": "MOA" },
  { "station_name": "Mansa", "station_code": "MSZ" },
  { "station_name": "Mansi jn", "station_code": "MNE" },
  { "station_name": "Mantapampalle", "station_code": "MMPL" },
  { "station_name": "Mantatti", "station_code": "MVH" },
  { "station_name": "Manthralayam rd", "station_code": "MALM" },
  { "station_name": "Manubolu", "station_code": "MBL" },
  { "station_name": "Manuguru", "station_code": "MUGR" },
  { "station_name": "Manwath road", "station_code": "MVO" },
  { "station_name": "Manyamkonda", "station_code": "MQN" },
  { "station_name": "Maramjhiri", "station_code": "MJY" },
  { "station_name": "Marampalli", "station_code": "MRPL" },
  { "station_name": "Mararikulam", "station_code": "MAKM" },
  { "station_name": "Marauda", "station_code": "MXA" },
  { "station_name": "Margherita", "station_code": "MRG" },
  { "station_name": "Mariahu", "station_code": "MAY" },
  { "station_name": "Mariani jn", "station_code": "MXN" },
  { "station_name": "Marikuppam", "station_code": "MKM" },
  { "station_name": "Maripat", "station_code": "MIU" },
  { "station_name": "Markahandi u ht", "station_code": "MQQ" },
  { "station_name": "Markapur road", "station_code": "MRK" },
  { "station_name": "Markona", "station_code": "MKO" },
  { "station_name": "Markundi", "station_code": "MKD" },
  { "station_name": "Marmagao", "station_code": "MRH" },
  { "station_name": "Maroli", "station_code": "MRL" },
  { "station_name": "Marpalli", "station_code": "MRF" },
  { "station_name": "Marripalem ph", "station_code": "MIPM" },
  { "station_name": "Marsul", "station_code": "MRV" },
  { "station_name": "Marthipalayam", "station_code": "MPLM" },
  { "station_name": "Martur", "station_code": "MR" },
  { "station_name": "Marwar bagra", "station_code": "MBGA" },
  { "station_name": "Marwar bhinmal", "station_code": "MBNL" },
  { "station_name": "Marwar chapri", "station_code": "MCPE" },
  { "station_name": "Marwar jn", "station_code": "MJ" },
  { "station_name": "Marwar lohwat", "station_code": "MWT" },
  { "station_name": "Marwar mathanya", "station_code": "MMY" },
  { "station_name": "Marwar mundwa", "station_code": "MDW" },
  { "station_name": "Marwar ranawas", "station_code": "MRWS" },
  { "station_name": "Marwasgram", "station_code": "MWJ" },
  { "station_name": "MASAGRAM", "station_code": "MSAE" },
  { "station_name": "Masaipet", "station_code": "ME" },
  { "station_name": "Masit", "station_code": "MST" },
  { "station_name": "Maskanwa", "station_code": "MSW" },
  { "station_name": "Masodha", "station_code": "MSOD" },
  { "station_name": "Masrakh", "station_code": "MHC" },
  { "station_name": "Masudan", "station_code": "MSDN" },
  { "station_name": "Masur", "station_code": "MSR" },
  { "station_name": "Matana buzurg", "station_code": "MABG" },
  { "station_name": "Matheran", "station_code": "MAE" },
  { "station_name": "Mathura cant", "station_code": "MRT" },
  { "station_name": "Mathura jn", "station_code": "MTJ" },
  { "station_name": "Mathurapur", "station_code": "MUW" },
  { "station_name": "Mathurapur rd", "station_code": "MPRD" },
  { "station_name": "Matlabpur", "station_code": "MTB" },
  { "station_name": "Matmari", "station_code": "MTU" },
  { "station_name": "Mau aimma", "station_code": "MEM" },
  { "station_name": "Mau jn", "station_code": "MAU" },
  { "station_name": "Mau ranipur", "station_code": "MRPR" },
  { "station_name": "Mauhari", "station_code": "MZH" },
  { "station_name": "Maula ali", "station_code": "MLY" },
  { "station_name": "Maur", "station_code": "MAUR" },
  { "station_name": "Maval", "station_code": "MAA" },
  { "station_name": "Mavelikara", "station_code": "MVLK" },
  { "station_name": "Mavli jn", "station_code": "MVJ" },
  { "station_name": "Mayakonda", "station_code": "MYK" },
  { "station_name": "Mayiladuturai j", "station_code": "MV" },
  { "station_name": "Mayyanad", "station_code": "MYY" },
  { "station_name": "Mccluskieganj", "station_code": "MGME" },
  { "station_name": "Mecheda", "station_code": "MCA" },
  { "station_name": "Mecheri road", "station_code": "MCRD" },
  { "station_name": "Medapadu", "station_code": "MPU" },
  { "station_name": "Medchal", "station_code": "MED" },
  { "station_name": "Meerut cant", "station_code": "MUT" },
  { "station_name": "Meerut city", "station_code": "MTC" },
  { "station_name": "Meghnagar", "station_code": "MGN" },
  { "station_name": "Meghpurtitodi", "station_code": "MGTD" },
  { "station_name": "Mehnar road", "station_code": "MNO" },
  { "station_name": "Mehsi", "station_code": "MAI" },
  { "station_name": "Meja road", "station_code": "MJA" },
  { "station_name": "Melattur", "station_code": "MLTR" },
  { "station_name": "Melmaruvattur", "station_code": "MLMR" },
  { "station_name": "Memari", "station_code": "MYM" },
  { "station_name": "Meralgram", "station_code": "MQX" },
  { "station_name": "Meramandolil", "station_code": "MRDL" },
  { "station_name": "Merta city", "station_code": "MEC" },
  { "station_name": "Merta road jn", "station_code": "MTD" },
  { "station_name": "Metupalaiyam", "station_code": "MTP" },
  { "station_name": "Metur dam", "station_code": "MTDM" },
  { "station_name": "Metyal sohar", "station_code": "MYX" },
  { "station_name": "Mewa nawada", "station_code": "MWE" },
  { "station_name": "Mhasavad", "station_code": "MWD" },
  { "station_name": "Mhasoda dongar", "station_code": "MSDG" },
  { "station_name": "Mhmdvd kheda rd", "station_code": "MHD" },
  { "station_name": "Mhow", "station_code": "MHOW" },
  { "station_name": "Midnapore", "station_code": "MDN" },
  { "station_name": "Migrendisa", "station_code": "MGE" },
  { "station_name": "Mihinpurwa", "station_code": "MIN" },
  { "station_name": "Mihrawan", "station_code": "MIH" },
  { "station_name": "Milak", "station_code": "MIL" },
  { "station_name": "Milavittan", "station_code": "MVN" },
  { "station_name": "Minchnal", "station_code": "MNL" },
  { "station_name": "Miraj jn", "station_code": "MRJ" },
  { "station_name": "Miranpur katra", "station_code": "MK" },
  { "station_name": "Mirchadhori", "station_code": "MCQ" },
  { "station_name": "Mirhakur", "station_code": "MIQ" },
  { "station_name": "Mirkhal", "station_code": "MQL" },
  { "station_name": "Mirthal", "station_code": "MRTL" },
  { "station_name": "Miryalaguda", "station_code": "MRGA" },
  { "station_name": "Mirza cheuki", "station_code": "MZC" },
  { "station_name": "Mirzapalli", "station_code": "MZL" },
  { "station_name": "Mirzapur", "station_code": "MZP" },
  { "station_name": "Mirzapur bchaud", "station_code": "MBV" },
  { "station_name": "Misamari", "station_code": "MSMI" },
  { "station_name": "Misrauli", "station_code": "MFL" },
  { "station_name": "Misrod", "station_code": "MSO" },
  { "station_name": "Mitawal", "station_code": "MTI" },
  { "station_name": "Mitha", "station_code": "MITA" },
  { "station_name": "Mithapur", "station_code": "MTHP" },
  { "station_name": "Miyagam karjan", "station_code": "MYG" },
  { "station_name": "Miyana", "station_code": "MINA" },
  { "station_name": "Mlethu kanak", "station_code": "MEQ" },
  { "station_name": "MODASA", "station_code": "MDSA" },
  { "station_name": "Modinagar", "station_code": "MDNR" },
  { "station_name": "Modnimb", "station_code": "MLB" },
  { "station_name": "Modpur", "station_code": "MDPR" },
  { "station_name": "Modran", "station_code": "MON" },
  { "station_name": "Modukuru", "station_code": "MDKU" },
  { "station_name": "Moga", "station_code": "MOGA" },
  { "station_name": "Mohadi prgn lng", "station_code": "MHAD" },
  { "station_name": "Mohammadkhera", "station_code": "MQE" },
  { "station_name": "Mohanlalganj", "station_code": "MLJ" },
  { "station_name": "Mohanur", "station_code": "MONR" },
  { "station_name": "Mohapani mal", "station_code": "MPML" },
  { "station_name": "Moharajpur", "station_code": "MJP" },
  { "station_name": "Mohitnagar", "station_code": "MOP" },
  { "station_name": "Mohiuddinnagar", "station_code": "MOG" },
  { "station_name": "Mohiuddinpur", "station_code": "MUZ" },
  { "station_name": "Mohol", "station_code": "MO" },
  { "station_name": "Mohope", "station_code": "MHPE" },
  { "station_name": "Mokalsar", "station_code": "MKSR" },
  { "station_name": "Mokameh jn", "station_code": "MKA" },
  { "station_name": "Mokholi", "station_code": "MXL" },
  { "station_name": "Molakalmuru", "station_code": "MOMU" },
  { "station_name": "Monabari", "station_code": "MFC" },
  { "station_name": "Mondh", "station_code": "MOF" },
  { "station_name": "Monghyr", "station_code": "MGR" },
  { "station_name": "Monu", "station_code": "MANU" },
  { "station_name": "Mookambika road", "station_code": "BYNR" },
  { "station_name": "MOORE MARKET", "station_code": "MMCC" },
  { "station_name": "Mor", "station_code": "MOR" },
  { "station_name": "Moradabad", "station_code": "MB" },
  { "station_name": "Morak", "station_code": "MKX" },
  { "station_name": "Moranhat", "station_code": "MRHT" },
  { "station_name": "Morappur", "station_code": "MAP" },
  { "station_name": "Morbi", "station_code": "MVI" },
  { "station_name": "Mordad tanda", "station_code": "MWK" },
  { "station_name": "Mordar", "station_code": "MRDD" },
  { "station_name": "Morena", "station_code": "MRA" },
  { "station_name": "Morgram", "station_code": "MGAE" },
  { "station_name": "Mori bera", "station_code": "MOI" },
  { "station_name": "Morinda", "station_code": "MRND" },
  { "station_name": "Morkadhana", "station_code": "MKDN" },
  { "station_name": "Morthala", "station_code": "MXO" },
  { "station_name": "Morwani", "station_code": "MRN" },
  { "station_name": "Moth", "station_code": "MOTH" },
  { "station_name": "Motichur", "station_code": "MOTC" },
  { "station_name": "Motipur", "station_code": "MTR" },
  { "station_name": "Motipura chauki", "station_code": "MTPC" },
  { "station_name": "Moturu", "station_code": "OTR" },
  { "station_name": "Muddanuru", "station_code": "MOO" },
  { "station_name": "Mudigubba", "station_code": "MGB" },
  { "station_name": "Mudkhed", "station_code": "MUE" },
  { "station_name": "Muftiganj", "station_code": "MFJ" },
  { "station_name": "Mugat", "station_code": "MGC" },
  { "station_name": "Mughal sarai jn", "station_code": "MGS" },
  { "station_name": "Muhammadabad", "station_code": "MMA" },
  { "station_name": "Muhammadganj", "station_code": "MDJ" },
  { "station_name": "Muirpur road", "station_code": "MPF" },
  { "station_name": "Mukerian", "station_code": "MEX" },
  { "station_name": "Mukhasa parur", "station_code": "MKSP" },
  { "station_name": "Mukhtiar balwar", "station_code": "MKT" },
  { "station_name": "Muktapur", "station_code": "MKPR" },
  { "station_name": "Muktsar", "station_code": "MKS" },
  { "station_name": "Mukundarayapurm", "station_code": "MCN" },
  { "station_name": "Mukundawadi ha", "station_code": "MKDD" },
  { "station_name": "Mukuria", "station_code": "MFA" },
  { "station_name": "Mul marora", "station_code": "MME" },
  { "station_name": "Mulacalacheruvu", "station_code": "MCU" },
  { "station_name": "Mulanturutti", "station_code": "MNTT" },
  { "station_name": "Mulanur", "station_code": "MAR" },
  { "station_name": "Muli road", "station_code": "MOL" },
  { "station_name": "Mulki", "station_code": "MULK" },
  { "station_name": "Multai", "station_code": "MTY" },
  { "station_name": "Mulvad", "station_code": "MVD" },
  { "station_name": "Mumbai central", "station_code": "BCT" },
  { "station_name": "MUMBAI CENTRAL", "station_code": "MMCT" },
  { "station_name": "Mumbai CSMT", "station_code": "CSMT" },
  { "station_name": "Munabao", "station_code": "MBF" },
  { "station_name": "Mundalaram", "station_code": "MDLM" },
  { "station_name": "Munderwa", "station_code": "MND" },
  { "station_name": "Mundha pande", "station_code": "MPH" },
  { "station_name": "Mundhewadi", "station_code": "MVE" },
  { "station_name": "Mundikota", "station_code": "MNU" },
  { "station_name": "Mungaiakami", "station_code": "MGKM" },
  { "station_name": "Mungaoli", "station_code": "MNV" },
  { "station_name": "Muniguda", "station_code": "MNGD" },
  { "station_name": "Munirabad", "station_code": "MRB" },
  { "station_name": "Munroturuttu", "station_code": "MQO" },
  { "station_name": "Munumaka", "station_code": "MUK" },
  { "station_name": "Mupa", "station_code": "MUPA" },
  { "station_name": "Muradnagar", "station_code": "MUD" },
  { "station_name": "Muragacha", "station_code": "MGM" },
  { "station_name": "Murarai", "station_code": "MRR" },
  { "station_name": "Murarpur", "station_code": "MPY" },
  { "station_name": "Murdeshwar", "station_code": "MRDW" },
  { "station_name": "Murgamahadev rd", "station_code": "MMVR" },
  { "station_name": "Murhipar", "station_code": "MUP" },
  { "station_name": "Muri", "station_code": "MURI" },
  { "station_name": "Muribahal", "station_code": "MRBL" },
  { "station_name": "Murkeongselek", "station_code": "MZS" },
  { "station_name": "Murliganj", "station_code": "MRIJ" },
  { "station_name": "Murshadpur", "station_code": "MSDR" },
  { "station_name": "Murshidabad", "station_code": "MBB" },
  { "station_name": "Murtajapur", "station_code": "MZR" },
  { "station_name": "Murti", "station_code": "MRTY" },
  { "station_name": "Murud", "station_code": "MRX" },
  { "station_name": "Murukkampuzha", "station_code": "MQU" },
  { "station_name": "Musafir khana", "station_code": "MFKA" },
  { "station_name": "Musra", "station_code": "MUA" },
  { "station_name": "Mustabada", "station_code": "MBD" },
  { "station_name": "Muzaffarnagar", "station_code": "MOZ" },
  { "station_name": "Muzaffarpur jn", "station_code": "MFP" },
  { "station_name": "Muzzampur nryn", "station_code": "MZM" },
  { "station_name": "Mysore jn", "station_code": "MYS" }
]
