[
  { "station_name": "N ghaziabad", "station_code": "GZN" },
  { "station_name": "N j ramanal", "station_code": "NJM" },
  { "station_name": "N. Panakudi", "station_code": "NPK" },
  { "station_name": "Nabadwip dham", "station_code": "NDAE" },
  { "station_name": "Nabenagar road", "station_code": "NBG" },
  { "station_name": "Nabha", "station_code": "NBA" },
  { "station_name": "Nabipur", "station_code": "NIU" },
  { "station_name": "Nadauj", "station_code": "NDU" },
  { "station_name": "Nadbai", "station_code": "NBI" },
  { "station_name": "Nadiad jn", "station_code": "ND" },
  { "station_name": "Nadiapur", "station_code": "NPU" },
  { "station_name": "Nadikudi jn", "station_code": "NDKD" },
  { "station_name": "Nadwan", "station_code": "NDW" },
  { "station_name": "Nagalapalle", "station_code": "NPL" },
  { "station_name": "Naganahalli", "station_code": "NHY" },
  { "station_name": "Nagansur", "station_code": "NGS" },
  { "station_name": "Nagaon", "station_code": "NGAN" },
  { "station_name": "Nagappattinam", "station_code": "NGT" },
  { "station_name": "Nagar", "station_code": "NGE" },
  { "station_name": "Nagar untari", "station_code": "NUQ" },
  { "station_name": "Nagardevla", "station_code": "NGD" },
  { "station_name": "Nagargali", "station_code": "NAG" },
  { "station_name": "Nagari", "station_code": "NG" },
  { "station_name": "Nagari", "station_code": "NGI" },
  { "station_name": "Nagaria sadat", "station_code": "NRS" },
  { "station_name": "Nagarnabi", "station_code": "NGF" },
  { "station_name": "Nagarsol", "station_code": "NSL" },
  { "station_name": "Nagarur", "station_code": "NRR" },
  { "station_name": "Nagarwara", "station_code": "NWA" },
  { "station_name": "Nagaur", "station_code": "NGO" },
  { "station_name": "Nagbhir jn", "station_code": "NAB" },
  { "station_name": "Nagda jn", "station_code": "NAD" },
  { "station_name": "Nager coil town", "station_code": "NJT" },
  { "station_name": "Nagercoil jn", "station_code": "NCJ" },
  { "station_name": "Nageshwadi halt", "station_code": "NGHW" },
  { "station_name": "Nagina", "station_code": "NGG" },
  { "station_name": "Nagireddipalli", "station_code": "NRDP" },
  { "station_name": "Naglatula", "station_code": "NGLT" },
  { "station_name": "Nagore", "station_code": "NCR" },
  { "station_name": "Nagothane", "station_code": "NGTN" },
  { "station_name": "Nagpur", "station_code": "NGP" },
  { "station_name": "Nagpur road", "station_code": "NPRD" },
  { "station_name": "Nagrota", "station_code": "NGRT" },
  { "station_name": "Naharkatiya", "station_code": "NHK" },
  { "station_name": "NAHARLAGUN", "station_code": "NHLN" },
  { "station_name": "Naihati jn", "station_code": "NH" },
  { "station_name": "Naikheri", "station_code": "NKI" },
  { "station_name": "Naimisharanya", "station_code": "NM" },
  { "station_name": "Naini", "station_code": "NYN" },
  { "station_name": "Nainpur jn", "station_code": "NIR" },
  { "station_name": "Najibabad jn", "station_code": "NBD" },
  { "station_name": "Nakachari", "station_code": "NCH" },
  { "station_name": "NAKAHA JUNGLE", "station_code": "JEA" },
  { "station_name": "Nakkanadoddi", "station_code": "NKDO" },
  { "station_name": "Nakodar jn", "station_code": "NRO" },
  { "station_name": "Naksalbari", "station_code": "NAK" },
  { "station_name": "Naktisemra", "station_code": "NKX" },
  { "station_name": "Nal halt", "station_code": "NAL" },
  { "station_name": "Nalanda", "station_code": "NLD" },
  { "station_name": "Nalbari", "station_code": "NLV" },
  { "station_name": "Nalgonda", "station_code": "NLDA" },
  { "station_name": "Nalhati jn", "station_code": "NHT" },
  { "station_name": "Naliya", "station_code": "NLY" },
  { "station_name": "Naliya cantt", "station_code": "NLC" },
  { "station_name": "Nalkata", "station_code": "NLKT" },
  { "station_name": "Nallacheruvu", "station_code": "NCU" },
  { "station_name": "Nallapadu", "station_code": "NLPD" },
  { "station_name": "Naloi barwa", "station_code": "BVZ" },
  { "station_name": "Nalwar", "station_code": "NW" },
  { "station_name": "Namakkal", "station_code": "NMKL" },
  { "station_name": "Namburu", "station_code": "NBR" },
  { "station_name": "Namkhana", "station_code": "NMKA" },
  { "station_name": "Namkon", "station_code": "NKM" },
  { "station_name": "Namli", "station_code": "NLI" },
  { "station_name": "Namrup", "station_code": "NAM" },
  { "station_name": "Namtiali", "station_code": "NMT" },
  { "station_name": "Nana", "station_code": "NANA" },
  { "station_name": "Nanaksar", "station_code": "NNKR" },
  { "station_name": "Nandalur", "station_code": "NRE" },
  { "station_name": "Nandapur", "station_code": "NDPR" },
  { "station_name": "Nandesari", "station_code": "NDR" },
  { "station_name": "Nandganj", "station_code": "NDJ" },
  { "station_name": "Nandgaon", "station_code": "NGN" },
  { "station_name": "Nandgaon road", "station_code": "NAN" },
  { "station_name": "Nandikoor", "station_code": "NAND" },
  { "station_name": "Nandol dehegam", "station_code": "NHM" },
  { "station_name": "Nandre", "station_code": "NDE" },
  { "station_name": "Nandura", "station_code": "NN" },
  { "station_name": "Nandurbar", "station_code": "NDB" },
  { "station_name": "Nandyal", "station_code": "NDL" },
  { "station_name": "Nangal dam", "station_code": "NLDM" },
  { "station_name": "Nangal degrota", "station_code": "NDRT" },
  { "station_name": "Nangal mundi", "station_code": "NNU" },
  { "station_name": "Nangloi", "station_code": "NNO" },
  { "station_name": "Nanguneri", "station_code": "NNN" },
  { "station_name": "Nanjangud town", "station_code": "NTW" },
  { "station_name": "Nanpara jn", "station_code": "NNP" },
  { "station_name": "Nanwan", "station_code": "NWN" },
  { "station_name": "Napasar", "station_code": "NPS" },
  { "station_name": "Nar", "station_code": "NAR" },
  { "station_name": "Nar town", "station_code": "NTN" },
  { "station_name": "Naraikkinar", "station_code": "NRK" },
  { "station_name": "NARAINA", "station_code": "NRI" },
  { "station_name": "Narangi", "station_code": "NNGE" },
  { "station_name": "Naranjipur", "station_code": "NRGR" },
  { "station_name": "Naranpur", "station_code": "NANR" },
  { "station_name": "Narasapur", "station_code": "NS" },
  { "station_name": "Narasaraopet", "station_code": "NRT" },
  { "station_name": "Narasingapalli", "station_code": "NASP" },
  { "station_name": "Narayanapuram", "station_code": "NRYP" },
  { "station_name": "Narayanpet road", "station_code": "NRPD" },
  { "station_name": "Narayanpur", "station_code": "NNR" },
  { "station_name": "Naraynpur anant", "station_code": "NRPA" },
  { "station_name": "Nardana", "station_code": "NDN" },
  { "station_name": "Narela", "station_code": "NUR" },
  { "station_name": "Narhan", "station_code": "NRN" },
  { "station_name": "Nariaoli", "station_code": "NOI" },
  { "station_name": "Narkatiaganj jn", "station_code": "NKE" },
  { "station_name": "Narkher", "station_code": "NRKR" },
  { "station_name": "Narnaul", "station_code": "NNL" },
  { "station_name": "Naroda", "station_code": "NRD" },
  { "station_name": "Narsinghpur", "station_code": "NU" },
  { "station_name": "Narsipatnam rd", "station_code": "NRP" },
  { "station_name": "Narsipuram halt", "station_code": "NSX" },
  { "station_name": "Narwana jn", "station_code": "NRW" },
  { "station_name": "Nasik road", "station_code": "NK" },
  { "station_name": "Nasirabad", "station_code": "NSD" },
  { "station_name": "Nasrala", "station_code": "NAS" },
  { "station_name": "Nat nagar", "station_code": "SNF" },
  { "station_name": "Nathdwara", "station_code": "NDT" },
  { "station_name": "Nathnagar", "station_code": "NAT" },
  { "station_name": "Nathwana", "station_code": "NTZ" },
  { "station_name": "Naugachia", "station_code": "NNA" },
  { "station_name": "Naugarh", "station_code": "NUH" },
  { "station_name": "Naupada jn", "station_code": "NWP" },
  { "station_name": "Nautanwa", "station_code": "NTV" },
  { "station_name": "Navabpalem", "station_code": "NBM" },
  { "station_name": "Navade road", "station_code": "NVRD" },
  { "station_name": "Navagadh", "station_code": "NUD" },
  { "station_name": "Navalgaon", "station_code": "NVLN" },
  { "station_name": "Navalur", "station_code": "NVU" },
  { "station_name": "Navapur", "station_code": "NWU" },
  { "station_name": "Navipet", "station_code": "NVT" },
  { "station_name": "Navlakhi", "station_code": "NLK" },
  { "station_name": "Navsari", "station_code": "NVS" },
  { "station_name": "Nawa city", "station_code": "NAC" },
  { "station_name": "Nawabganj gonda", "station_code": "NGB" },
  { "station_name": "Nawadah", "station_code": "NWD" },
  { "station_name": "Nawagaon", "station_code": "NVG" },
  { "station_name": "Nawalgarh", "station_code": "NWH" },
  { "station_name": "Nawan", "station_code": "NAWN" },
  { "station_name": "Nawandgi", "station_code": "NAW" },
  { "station_name": "Nawapara road", "station_code": "NPD" },
  { "station_name": "Naya kharadia", "station_code": "NYK" },
  { "station_name": "Naya nangal", "station_code": "NNGL" },
  { "station_name": "Nayadupeta", "station_code": "NYP" },
  { "station_name": "Nayagaon", "station_code": "NYO" },
  { "station_name": "Nayagarh", "station_code": "NYG" },
  { "station_name": "NAYAGARH TOWN", "station_code": "NYGT" },
  { "station_name": "Nayandahalli", "station_code": "NYH" },
  { "station_name": "Naydongri", "station_code": "NI" },
  { "station_name": "Nazareth", "station_code": "NZT" },
  { "station_name": "Nazirganj", "station_code": "NAZJ" },
  { "station_name": "Nekonda", "station_code": "NKD" },
  { "station_name": "Nellimaria", "station_code": "NML" },
  { "station_name": "Nellore", "station_code": "NLR" },
  { "station_name": "Nellore south", "station_code": "NLS" },
  { "station_name": "Nemem", "station_code": "NEM" },
  { "station_name": "Nenpur", "station_code": "NEP" },
  { "station_name": "Neora", "station_code": "NEO" },
  { "station_name": "Nepalganj road", "station_code": "NPR" },
  { "station_name": "Nepanagar", "station_code": "NPNR" },
  { "station_name": "Neral", "station_code": "NRL" },
  { "station_name": "Nergundi", "station_code": "NRG" },
  { "station_name": "Neri", "station_code": "NERI" },
  { "station_name": "New alipurduar", "station_code": "NOQ" },
  { "station_name": "New amravati", "station_code": "NAVI" },
  { "station_name": "New balarampur", "station_code": "NBPH" },
  { "station_name": "New bhuj", "station_code": "NBVJ" },
  { "station_name": "New bongaigaon", "station_code": "NBQ" },
  { "station_name": "New cooch behar", "station_code": "NCB" },
  { "station_name": "New delhi", "station_code": "NDLS" },
  { "station_name": "New farakka jn", "station_code": "NFK" },
  { "station_name": "New gitldada jn", "station_code": "NGTG" },
  { "station_name": "New guntur", "station_code": "NGNT" },
  { "station_name": "New jalpaiguri", "station_code": "NJP" },
  { "station_name": "New katni jn", "station_code": "NKJ" },
  { "station_name": "New mal jn", "station_code": "NMZ" },
  { "station_name": "New maynaguri", "station_code": "NMX" },
  { "station_name": "New misamari", "station_code": "NMM" },
  { "station_name": "New morinda", "station_code": "NMDA" },
  { "station_name": "New tinsukia jn", "station_code": "NTSK" },
  { "station_name": "Neyveli", "station_code": "NVL" },
  { "station_name": "Neyyattinkara", "station_code": "NYY" },
  { "station_name": "Nibhapur", "station_code": "NBP" },
  { "station_name": "Nidadavolu jn", "station_code": "NDD" },
  { "station_name": "Nidamangalam", "station_code": "NMJ" },
  { "station_name": "Nidhani", "station_code": "NDNI" },
  { "station_name": "Nidi", "station_code": "NIDI" },
  { "station_name": "Nidigallu", "station_code": "NDZ" },
  { "station_name": "Nidubrolu", "station_code": "NDO" },
  { "station_name": "Nigaura", "station_code": "NIQ" },
  { "station_name": "Nigohan", "station_code": "NHN" },
  { "station_name": "Nihalgarh", "station_code": "NHH" },
  { "station_name": "Nilaje", "station_code": "NIIJ" },
  { "station_name": "Nilakantheswar", "station_code": "NKW" },
  { "station_name": "Nilambazar", "station_code": "NLBR" },
  { "station_name": "Nilambur road", "station_code": "NIL" },
  { "station_name": "Nileshwar", "station_code": "NLE" },
  { "station_name": "Nilokheri", "station_code": "NLKR" },
  { "station_name": "Nim ka thana", "station_code": "NMK" },
  { "station_name": "Nimach", "station_code": "NMH" },
  { "station_name": "Nimar kheri", "station_code": "NKR" },
  { "station_name": "Nimbahera", "station_code": "NBH" },
  { "station_name": "Nimbal", "station_code": "NBL" },
  { "station_name": "Nimbhora", "station_code": "NB" },
  { "station_name": "Nimdih", "station_code": "NIM" },
  { "station_name": "Nimpura", "station_code": "NMP" },
  { "station_name": "Nimtita", "station_code": "NILE" },
  { "station_name": "Ningala jn", "station_code": "NGA" },
  { "station_name": "Nipani vadgaon", "station_code": "NPW" },
  { "station_name": "Nipania", "station_code": "NPI" },
  { "station_name": "Niphad", "station_code": "NR" },
  { "station_name": "Nira", "station_code": "NIRA" },
  { "station_name": "Nirakarpur", "station_code": "NKP" },
  { "station_name": "Nirmali", "station_code": "NMA" },
  { "station_name": "Nisui", "station_code": "NSU" },
  { "station_name": "Nivari", "station_code": "NEW" },
  { "station_name": "Nivasar", "station_code": "NIV" },
  { "station_name": "Niwar", "station_code": "NWR" },
  { "station_name": "Niwas road", "station_code": "NWB" },
  { "station_name": "Niyol", "station_code": "NOL" },
  { "station_name": "Nizamabad", "station_code": "NZB" },
  { "station_name": "Nizampur", "station_code": "NIP" },
  { "station_name": "Nizbarganj", "station_code": "NBX" },
  { "station_name": "Nizchatia", "station_code": "NCA" },
  { "station_name": "Nmg tamdalge", "station_code": "NMGT" },
  { "station_name": "Noadar dhal", "station_code": "NRX" },
  { "station_name": "Noamundi", "station_code": "NOMD" },
  { "station_name": "Nokha", "station_code": "NOK" },
  { "station_name": "Nokhra", "station_code": "NKRA" },
  { "station_name": "Nomoda", "station_code": "NMD" },
  { "station_name": "Nonera", "station_code": "NNE" },
  { "station_name": "Norla road", "station_code": "NRLR" },
  { "station_name": "North lakhimpur", "station_code": "NLP" },
  { "station_name": "Nowrozabad", "station_code": "NRZB" },
  { "station_name": "Npa shvrampalli", "station_code": "NSVP" },
  { "station_name": "Nrynpur tatwar", "station_code": "NNW" },
  { "station_name": "Nsc bose j gomo", "station_code": "GMO" },
  { "station_name": "Nua", "station_code": "NUA" },
  { "station_name": "Nuagaon", "station_code": "NXN" },
  { "station_name": "Nudurupadu", "station_code": "NDPU" },
  { "station_name": "Nujella", "station_code": "NUJ" },
  { "station_name": "Numaligarh", "station_code": "NMGY" },
  { "station_name": "Nunkhar", "station_code": "NRA" },
  { "station_name": "Nurmahal", "station_code": "NRM" },
  { "station_name": "Nuzvid", "station_code": "NZD" }
]
