[
  { "station_name": "Obaidulla ganj", "station_code": "ODG" },
  { "station_name": "Obra dam", "station_code": "OBR" },
  { "station_name": "Obulavaripalli", "station_code": "OBVP" },
  { "station_name": "Ochira", "station_code": "OCR" },
  { "station_name": "Oddanchatram", "station_code": "ODC" },
  { "station_name": "Oddarahalli", "station_code": "ORH" },
  { "station_name": "Odela", "station_code": "OEA" },
  { "station_name": "Okha", "station_code": "OKHA" },
  { "station_name": "Okha madhi", "station_code": "OKD" },
  { "station_name": "Okhla", "station_code": "OKA" },
  { "station_name": "Old malda", "station_code": "OMLF" },
  { "station_name": "Ollur", "station_code": "OLR" },
  { "station_name": "Omalur", "station_code": "OML" },
  { "station_name": "Omkareshwar rd", "station_code": "OM" },
  { "station_name": "Ondagram", "station_code": "ODM" },
  { "station_name": "Ongole", "station_code": "OGL" },
  { "station_name": "Ontimitta", "station_code": "VNM" },
  { "station_name": "Oorgaum", "station_code": "OGM" },
  { "station_name": "Orai", "station_code": "ORAI" },
  { "station_name": "Orga", "station_code": "ORGA" },
  { "station_name": "Orr", "station_code": "ORR" },
  { "station_name": "Osiyan", "station_code": "OSN" },
  { "station_name": "Ottappalam", "station_code": "OTP" }
]
