[
  { "station_name": "P avatapalle", "station_code": "PAVP" },
  { "station_name": "P brahmadevam h", "station_code": "PBD" },
  { "station_name": "Pabai", "station_code": "PAI" },
  { "station_name": "Pachhapur", "station_code": "PCH" },
  { "station_name": "Pachor road", "station_code": "PFR" },
  { "station_name": "Pachora jn", "station_code": "PC" },
  { "station_name": "Pachwan", "station_code": "PNWN" },
  { "station_name": "Padadhari", "station_code": "PDH" },
  { "station_name": "Padampur", "station_code": "PDF" },
  { "station_name": "Padhegaon", "station_code": "PDGN" },
  { "station_name": "Padla", "station_code": "PDQ" },
  { "station_name": "Padnur", "station_code": "PDNR" },
  { "station_name": "Padrauna", "station_code": "POU" },
  { "station_name": "Padriganj", "station_code": "PNJ" },
  { "station_name": "Padse", "station_code": "PDP" },
  { "station_name": "Padua", "station_code": "PFU" },
  { "station_name": "Padubidri", "station_code": "PDD" },
  { "station_name": "Padugupadu", "station_code": "PGU" },
  { "station_name": "Pagara", "station_code": "PGA" },
  { "station_name": "Pagidipalli", "station_code": "PGDP" },
  { "station_name": "Pagla chandi", "station_code": "PCX" },
  { "station_name": "Paharpur", "station_code": "PRP" },
  { "station_name": "Pajian", "station_code": "PJA" },
  { "station_name": "Pakala jn", "station_code": "PAK" },
  { "station_name": "Pakara road", "station_code": "PKRD" },
  { "station_name": "Pakki", "station_code": "PKK" },
  { "station_name": "Pakni", "station_code": "PK" },
  { "station_name": "Pakur", "station_code": "PKR" },
  { "station_name": "Palachauri", "station_code": "PCLI" },
  { "station_name": "Palakkad", "station_code": "PGT" },
  { "station_name": "Palakkodu", "station_code": "PCV" },
  { "station_name": "Palakollu", "station_code": "PKO" },
  { "station_name": "Palam", "station_code": "PM" },
  { "station_name": "Palampur hmchl", "station_code": "PLMX" },
  { "station_name": "Palana", "station_code": "PAE" },
  { "station_name": "Palani", "station_code": "PLNI" },
  { "station_name": "Palanpur jn", "station_code": "PNU" },
  { "station_name": "Palappuram", "station_code": "PLPM" },
  { "station_name": "Palari", "station_code": "PUE" },
  { "station_name": "Palasa", "station_code": "PSA" },
  { "station_name": "Palayankottai", "station_code": "PCO" },
  { "station_name": "Paldhi", "station_code": "PLD" },
  { "station_name": "Palej", "station_code": "PLJ" },
  { "station_name": "Palghar", "station_code": "PLG" },
  { "station_name": "Palghat town", "station_code": "PGTN" },
  { "station_name": "Pali", "station_code": "PALI" },
  { "station_name": "Pali marwar", "station_code": "PMY" },
  { "station_name": "Palia", "station_code": "PLA" },
  { "station_name": "Palia kalan", "station_code": "PLK" },
  { "station_name": "Paliba", "station_code": "PBV" },
  { "station_name": "Palitana", "station_code": "PIT" },
  { "station_name": "Pallikona", "station_code": "POA" },
  { "station_name": "Palliyadi", "station_code": "PYD" },
  { "station_name": "Palsora makrawa", "station_code": "PSO" },
  { "station_name": "Palwal", "station_code": "PWL" },
  { "station_name": "Paman", "station_code": "PMN" },
  { "station_name": "Pamban jn", "station_code": "PBM" },
  { "station_name": "Pamidi", "station_code": "PMD" },
  { "station_name": "Pampore", "station_code": "PMPE" },
  { "station_name": "Panagarh", "station_code": "PAN" },
  { "station_name": "Panapakam", "station_code": "PAM" },
  { "station_name": "Panch pipila", "station_code": "PCN" },
  { "station_name": "Panch rukhi", "station_code": "PHRH" },
  { "station_name": "Panchgram", "station_code": "PNGM" },
  { "station_name": "Panchra", "station_code": "PCR" },
  { "station_name": "Pandabeswar", "station_code": "PAW" },
  { "station_name": "Pandaul", "station_code": "PDW" },
  { "station_name": "Pandavapura", "station_code": "PANP" },
  { "station_name": "Pandharpur", "station_code": "PVR" },
  { "station_name": "Pandhurna", "station_code": "PAR" },
  { "station_name": "Pandori", "station_code": "PNDR" },
  { "station_name": "Pandurangapuram", "station_code": "PGP" },
  { "station_name": "Paneli moti", "station_code": "PLM" },
  { "station_name": "Pangaon", "station_code": "PNF" },
  { "station_name": "Pangri", "station_code": "PJR" },
  { "station_name": "Paniahwa", "station_code": "PNYA" },
  { "station_name": "Paniajob", "station_code": "PJB" },
  { "station_name": "Panipat jn", "station_code": "PNP" },
  { "station_name": "Panisagar", "station_code": "PASG" },
  { "station_name": "Panjgam", "station_code": "PJGM" },
  { "station_name": "Panjhan", "station_code": "PJN" },
  { "station_name": "Panki", "station_code": "PNK" },
  { "station_name": "PANKI DHAM", "station_code": "PNKD" },
  { "station_name": "Panoli", "station_code": "PAO" },
  { "station_name": "Panpali", "station_code": "PNPL" },
  { "station_name": "Panposh", "station_code": "PPO" },
  { "station_name": "Panruti", "station_code": "PRT" },
  { "station_name": "Pansar", "station_code": "PN" },
  { "station_name": "Panskura", "station_code": "PKU" },
  { "station_name": "Pantnagar", "station_code": "PBW" },
  { "station_name": "Panvel", "station_code": "PNVL" },
  { "station_name": "Panyam", "station_code": "PNM" },
  { "station_name": "Papanasam", "station_code": "PML" },
  { "station_name": "Papinayaknahali", "station_code": "PKL" },
  { "station_name": "Paradgaon", "station_code": "PDG" },
  { "station_name": "Paradip", "station_code": "PRDP" },
  { "station_name": "Paradol", "station_code": "PRDL" },
  { "station_name": "Paradsinga halt", "station_code": "PSK" },
  { "station_name": "Paraiya", "station_code": "PRY" },
  { "station_name": "Paramakkudi", "station_code": "PMK" },
  { "station_name": "Paras", "station_code": "PS" },
  { "station_name": "Parasia", "station_code": "PUX" },
  { "station_name": "Parasnath", "station_code": "PNME" },
  { "station_name": "Paravur", "station_code": "PVU" },
  { "station_name": "Parbati", "station_code": "PRB" },
  { "station_name": "Parbhani jn", "station_code": "PBN" },
  { "station_name": "Pardhande", "station_code": "PHQ" },
  { "station_name": "Pardi", "station_code": "PAD" },
  { "station_name": "Parewadi", "station_code": "PRWD" },
  { "station_name": "Pariawan k.k.rd", "station_code": "PQN" },
  { "station_name": "Parisal", "station_code": "PSL" },
  { "station_name": "Parli", "station_code": "PLL" },
  { "station_name": "Parli vaijnath", "station_code": "PRLI" },
  { "station_name": "Parmanandpur", "station_code": "PMU" },
  { "station_name": "Parpanangadi", "station_code": "PGI" },
  { "station_name": "Parsa bazar", "station_code": "PRBZ" },
  { "station_name": "Parsa khera", "station_code": "PKRA" },
  { "station_name": "Parsabad", "station_code": "PSB" },
  { "station_name": "Parsipur", "station_code": "PRF" },
  { "station_name": "Parsneu", "station_code": "PSV" },
  { "station_name": "Parsoda", "station_code": "PSD" },
  { "station_name": "Parsoli", "station_code": "PSLI" },
  { "station_name": "Partapgarh jn", "station_code": "PBH" },
  { "station_name": "Partur", "station_code": "PTU" },
  { "station_name": "Parvatipuram", "station_code": "PVP" },
  { "station_name": "Parvatipuram tn", "station_code": "PVPT" },
  { "station_name": "PARVATSAR CITY", "station_code": "PBC" },
  { "station_name": "Parvezpur", "station_code": "PVZ" },
  { "station_name": "Pasivedala", "station_code": "PSDA" },
  { "station_name": "Pasraha", "station_code": "PSR" },
  { "station_name": "Pasur", "station_code": "PAS" },
  { "station_name": "Patakottacheru", "station_code": "PLU" },
  { "station_name": "Patal pani", "station_code": "PTP" },
  { "station_name": "Patan", "station_code": "PTN" },
  { "station_name": "Patansaongi", "station_code": "PTS" },
  { "station_name": "Patara", "station_code": "PTRE" },
  { "station_name": "Patas", "station_code": "PAA" },
  { "station_name": "Pataudi road", "station_code": "PTRD" },
  { "station_name": "Patchur", "station_code": "PU" },
  { "station_name": "Patelnagar", "station_code": "PTNR" },
  { "station_name": "Pathankot", "station_code": "PTK" },
  { "station_name": "Pathankot cantt", "station_code": "PTKC" },
  { "station_name": "Pathardih jn", "station_code": "PEH" },
  { "station_name": "Patharia", "station_code": "PHA" },
  { "station_name": "Patharkandi", "station_code": "PTKD" },
  { "station_name": "Pathauli", "station_code": "PTLI" },
  { "station_name": "Pathrad", "station_code": "PARD" },
  { "station_name": "Pathrala", "station_code": "PTRL" },
  { "station_name": "Pathri", "station_code": "PRI" },
  { "station_name": "Pathsala", "station_code": "PBL" },
  { "station_name": "Patiala", "station_code": "PTA" },
  { "station_name": "Patli", "station_code": "PT" },
  { "station_name": "Patliputra", "station_code": "PPTA" },
  { "station_name": "PATNA GHAT", "station_code": "PTG" },
  { "station_name": "Patna jn", "station_code": "PNBE" },
  { "station_name": "Patna saheb", "station_code": "PNC" },
  { "station_name": "Patranga", "station_code": "PTH" },
  { "station_name": "Patratu", "station_code": "PTRU" },
  { "station_name": "Patsul", "station_code": "PTZ" },
  { "station_name": "PATTABIRAM EAST CABI", "station_code": "PRES" },
  { "station_name": "Pattambi", "station_code": "PTB" },
  { "station_name": "PATTAPIRAM MILITARY", "station_code": "PTMS" },
  { "station_name": "Patti", "station_code": "PAX" },
  { "station_name": "Pattikkad", "station_code": "PKQ" },
  { "station_name": "PATTUKOTTAI", "station_code": "PKT" },
  { "station_name": "Patwara", "station_code": "PTWA" },
  { "station_name": "Pawapuri road", "station_code": "PQE" },
  { "station_name": "Payagpur", "station_code": "PDR" },
  { "station_name": "Payangadi", "station_code": "PAZ" },
  { "station_name": "Payli", "station_code": "PYI" },
  { "station_name": "Payradanga", "station_code": "PDX" },
  { "station_name": "Payyanur", "station_code": "PAY" },
  { "station_name": "Payyoli", "station_code": "PYOL" },
  { "station_name": "Pedakakani halt", "station_code": "PDKN" },
  { "station_name": "Pedana", "station_code": "PAV" },
  { "station_name": "Pedanyknpalayam", "station_code": "PDKM" },
  { "station_name": "Peddadinne", "station_code": "PDNA" },
  { "station_name": "Peddakurapadu", "station_code": "PKPU" },
  { "station_name": "Peddampet", "station_code": "PPZ" },
  { "station_name": "Peddapalli", "station_code": "PDPL" },
  { "station_name": "Peddavadlapudi", "station_code": "PVD" },
  { "station_name": "Pembarti", "station_code": "PBP" },
  { "station_name": "Pen", "station_code": "PEN" },
  { "station_name": "Pencharthal", "station_code": "PEC" },
  { "station_name": "Pendekallu", "station_code": "PDL" },
  { "station_name": "PENDLIMARRI", "station_code": "PDMI" },
  { "station_name": "Pendra road", "station_code": "PND" },
  { "station_name": "Pendurti", "station_code": "PDT" },
  { "station_name": "Penganga", "station_code": "PGG" },
  { "station_name": "Pennada agrhrm", "station_code": "PAGM" },
  { "station_name": "Pennadam", "station_code": "PNDM" },
  { "station_name": "Penukonda", "station_code": "PKD" },
  { "station_name": "Penumarru", "station_code": "PUMU" },
  { "station_name": "Peppeganj", "station_code": "PJ" },
  { "station_name": "Peralam jn", "station_code": "PEM" },
  { "station_name": "Perambur", "station_code": "PER" },
  { "station_name": "Perecherla", "station_code": "PRCA" },
  { "station_name": "Pergaon", "station_code": "PG" },
  { "station_name": "Perinad", "station_code": "PRND" },
  { "station_name": "Pernem", "station_code": "PERN" },
  { "station_name": "Perunguzhi", "station_code": "PGZ" },
  { "station_name": "Petlad jn", "station_code": "PTD" },
  { "station_name": "PETRAPOL", "station_code": "PTPL" },
  { "station_name": "Pettai", "station_code": "PEA" },
  { "station_name": "Pettaivayatalai", "station_code": "PLI" },
  { "station_name": "Phagwara jn", "station_code": "PGW" },
  { "station_name": "Phalodi", "station_code": "PLC" },
  { "station_name": "Phalodi jn", "station_code": "PLCJ" },
  { "station_name": "Phanda", "station_code": "PUD" },
  { "station_name": "Phaphamau jn", "station_code": "PFM" },
  { "station_name": "Phaphund", "station_code": "PHD" },
  { "station_name": "Phephna jn", "station_code": "PEP" },
  { "station_name": "Phesar", "station_code": "PES" },
  { "station_name": "Phiding", "station_code": "PDJ" },
  { "station_name": "Phillaur jn", "station_code": "PHR" },
  { "station_name": "Phirangipuram", "station_code": "PPM" },
  { "station_name": "Phulad", "station_code": "FLD" },
  { "station_name": "Phulera jn", "station_code": "FL" },
  { "station_name": "Phuleswar", "station_code": "FLR" },
  { "station_name": "Phulpur", "station_code": "PLP" },
  { "station_name": "Phulwari sharif", "station_code": "PWS" },
  { "station_name": "Phulwartanr", "station_code": "PLJE" },
  { "station_name": "Phusro", "station_code": "PUS" },
  { "station_name": "Piardoba", "station_code": "PBA" },
  { "station_name": "Pichkurirdhal", "station_code": "PCQ" },
  { "station_name": "Piduguralla", "station_code": "PGRL" },
  { "station_name": "Pij", "station_code": "PIJ" },
  { "station_name": "Pilamedu", "station_code": "PLMD" },
  { "station_name": "Piler", "station_code": "PIL" },
  { "station_name": "Pili bangan", "station_code": "PGK" },
  { "station_name": "Pilibhit jn", "station_code": "PBE" },
  { "station_name": "Pilioda", "station_code": "PDZ" },
  { "station_name": "Pilkhua", "station_code": "PKW" },
  { "station_name": "Pimpalkhuti", "station_code": "PMKT" },
  { "station_name": "Pimpar khed", "station_code": "PKE" },
  { "station_name": "Pimpri", "station_code": "PMP" },
  { "station_name": "Pindial", "station_code": "PQL" },
  { "station_name": "Pindra road", "station_code": "PDRD" },
  { "station_name": "Pindrai", "station_code": "PDE" },
  { "station_name": "Pingleshwar", "station_code": "PLW" },
  { "station_name": "Pingli", "station_code": "PIZ" },
  { "station_name": "Pipalda road", "station_code": "POR" },
  { "station_name": "Pipalsana", "station_code": "PLS" },
  { "station_name": "Pipar road jn", "station_code": "PPR" },
  { "station_name": "Pipardahi", "station_code": "PED" },
  { "station_name": "Pipariya", "station_code": "PPI" },
  { "station_name": "Piparpur", "station_code": "PPU" },
  { "station_name": "Piparsand", "station_code": "POF" },
  { "station_name": "Pipla halt", "station_code": "PQA" },
  { "station_name": "Piplaj", "station_code": "PPF" },
  { "station_name": "Piplee", "station_code": "PLE" },
  { "station_name": "Pipli", "station_code": "PPLI" },
  { "station_name": "Piplia", "station_code": "PIP" },
  { "station_name": "Piplod jn", "station_code": "PPD" },
  { "station_name": "Piploda bagla", "station_code": "PPG" },
  { "station_name": "Pipraich", "station_code": "PPC" },
  { "station_name": "Pipraigaon", "station_code": "PIA" },
  { "station_name": "Piprala", "station_code": "PFL" },
  { "station_name": "Pipri dih", "station_code": "PPH" },
  { "station_name": "Pir umrod", "station_code": "PUO" },
  { "station_name": "Piravam road", "station_code": "PVRD" },
  { "station_name": "Pirdulesha halt", "station_code": "PRDH" },
  { "station_name": "Pirpainti", "station_code": "PPT" },
  { "station_name": "Pirtala", "station_code": "PRTL" },
  { "station_name": "Pirthiganj", "station_code": "PHV" },
  { "station_name": "Pitambarpur", "station_code": "PMR" },
  { "station_name": "Pithapuram", "station_code": "PAP" },
  { "station_name": "Plassey", "station_code": "PLY" },
  { "station_name": "Pmbakvl shandy", "station_code": "PBKS" },
  { "station_name": "Pocharam", "station_code": "PCZ" },
  { "station_name": "Podanur jn", "station_code": "PTJ" },
  { "station_name": "Pokharni nrsnha", "station_code": "PKNS" },
  { "station_name": "Pokhrayan", "station_code": "PHN" },
  { "station_name": "Pokla", "station_code": "PKF" },
  { "station_name": "Pokran", "station_code": "POK" },
  { "station_name": "Pollachi jn", "station_code": "POY" },
  { "station_name": "Polur", "station_code": "PRL" },
  { "station_name": "Pondugula", "station_code": "PDGL" },
  { "station_name": "Ponduru", "station_code": "PDU" },
  { "station_name": "Ponmlai gld rck", "station_code": "GOC" },
  { "station_name": "Ponneri", "station_code": "PON" },
  { "station_name": "Poodoor", "station_code": "PDO" },
  { "station_name": "Pophlaj", "station_code": "PPJ" },
  { "station_name": "Porbandar", "station_code": "PBR" },
  { "station_name": "Porjanpur", "station_code": "PRNR" },
  { "station_name": "Posotia", "station_code": "PST" },
  { "station_name": "Pothahi", "station_code": "PFT" },
  { "station_name": "Pothia", "station_code": "POT" },
  { "station_name": "Potkapalli", "station_code": "PTKP" },
  { "station_name": "Potlapadu", "station_code": "POO" },
  { "station_name": "Potul", "station_code": "POZ" },
  { "station_name": "Powerkheda", "station_code": "PRKD" },
  { "station_name": "Powerpet", "station_code": "PRH" },
  { "station_name": "Pradhankhunta", "station_code": "PKA" },
  { "station_name": "Pranpur road", "station_code": "PQD" },
  { "station_name": "Prantij", "station_code": "PRJ" },
  { "station_name": "Prantik", "station_code": "PNE" },
  { "station_name": "Prasannayanapal", "station_code": "PSPY" },
  { "station_name": "PRATAPNAGAR", "station_code": "PRTN" },
  { "station_name": "Prattiapadu", "station_code": "PTPU" },
  { "station_name": "Prayag", "station_code": "PRG" },
  { "station_name": "Prayag ghat", "station_code": "PYG" },
  { "station_name": "PRINCEP GHAT", "station_code": "PPGT" },
  { "station_name": "Prshtampatnam", "station_code": "PRPT" },
  { "station_name": "Ptnsngi twn hlt", "station_code": "PSX" },
  { "station_name": "Puducherry", "station_code": "PDY" },
  { "station_name": "Pudukad", "station_code": "PUK" },
  { "station_name": "Pudukkottai", "station_code": "PDKT" },
  { "station_name": "Pugalur", "station_code": "PGR" },
  { "station_name": "Pukkirivari", "station_code": "PRV" },
  { "station_name": "Pulgaon jn", "station_code": "PLO" },
  { "station_name": "Pulicherla", "station_code": "PCL" },
  { "station_name": "Pulla", "station_code": "PUA" },
  { "station_name": "Pullampet", "station_code": "PMT" },
  { "station_name": "Punalur", "station_code": "PUU" },
  { "station_name": "Punarakh", "station_code": "PHK" },
  { "station_name": "Pundhag", "station_code": "PNW" },
  { "station_name": "Pundi", "station_code": "PUN" },
  { "station_name": "Pundooah", "station_code": "PDA" },
  { "station_name": "Pune jn", "station_code": "PUNE" },
  { "station_name": "Punkunnam", "station_code": "PNQ" },
  { "station_name": "Punpun", "station_code": "PPN" },
  { "station_name": "Punsia", "station_code": "PNSA" },
  { "station_name": "Puntamba", "station_code": "PB" },
  { "station_name": "Purab sarai", "station_code": "PBS" },
  { "station_name": "Puraini", "station_code": "PNI" },
  { "station_name": "Puranpur", "station_code": "PP" },
  { "station_name": "Purbasthali", "station_code": "PSAE" },
  { "station_name": "Puri", "station_code": "PURI" },
  { "station_name": "Purna jn", "station_code": "PAU" },
  { "station_name": "PURNIA COURT", "station_code": "PRNC" },
  { "station_name": "Purnia jn", "station_code": "PRNA" },
  { "station_name": "Purua khera", "station_code": "PRKE" },
  { "station_name": "Purulia jn", "station_code": "PRR" },
  { "station_name": "Pusauli", "station_code": "PSE" },
  { "station_name": "PUSHKAR TERMINUS", "station_code": "PUHT" },
  { "station_name": "Putalapattu", "station_code": "PTT" },
  { "station_name": "Putlacheruvu", "station_code": "PCU" },
  { "station_name": "Puttur", "station_code": "PUT" }
]
