[
  { "station_name": "R BLOCK HALT", "station_code": "RBHT" },
  { "station_name": "Rachagunneri", "station_code": "RCG" },
  { "station_name": "Radhakishorepur", "station_code": "RQP" },
  { "station_name": "Radhanpur", "station_code": "RDHP" },
  { "station_name": "Radhikapur", "station_code": "RDP" },
  { "station_name": "Rae bareli jn", "station_code": "RBL" },
  { "station_name": "Rafiganj", "station_code": "RFJ" },
  { "station_name": "Ragaul", "station_code": "RGU" },
  { "station_name": "Raghavapuram", "station_code": "RGPM" },
  { "station_name": "Raghubans nagar", "station_code": "RBN" },
  { "station_name": "Raghunathpalli", "station_code": "RGP" },
  { "station_name": "Raghunathpur", "station_code": "RCTC" },
  { "station_name": "Raghunathpur", "station_code": "RPR" },
  { "station_name": "Raghuraj singh", "station_code": "RRS" },
  { "station_name": "Rahama", "station_code": "RHMA" },
  { "station_name": "Rahenbata", "station_code": "RNBT" },
  { "station_name": "Rahimabad", "station_code": "RBD" },
  { "station_name": "Rahimatpur", "station_code": "RMP" },
  { "station_name": "Rahul road", "station_code": "RRE" },
  { "station_name": "Rahuri", "station_code": "RRI" },
  { "station_name": "Rai singh nagar", "station_code": "RSNR" },
  { "station_name": "Raichur", "station_code": "RC" },
  { "station_name": "Raigadh road", "station_code": "RGQ" },
  { "station_name": "Raiganj", "station_code": "RGJ" },
  { "station_name": "Raigarh", "station_code": "RIG" },
  { "station_name": "Raigir", "station_code": "RAG" },
  { "station_name": "Raika bagh", "station_code": "RKB" },
  { "station_name": "Raimehatpur", "station_code": "MTPR" },
  { "station_name": "Raipur jn", "station_code": "R" },
  { "station_name": "Rairakhol", "station_code": "RAIR" },
  { "station_name": "Raisi", "station_code": "RSI" },
  { "station_name": "Raiwala", "station_code": "RWL" },
  { "station_name": "Raj gangpur", "station_code": "GP" },
  { "station_name": "Raj nandgaon", "station_code": "RJN" },
  { "station_name": "Raja bhat khawa", "station_code": "RVK" },
  { "station_name": "Raja ka sahaspr", "station_code": "RJK" },
  { "station_name": "Raja ki mandi", "station_code": "RKM" },
  { "station_name": "Rajabera", "station_code": "RJB" },
  { "station_name": "Rajahmundry", "station_code": "RJY" },
  { "station_name": "Rajaldesar", "station_code": "RJR" },
  { "station_name": "Rajanagar", "station_code": "RJA" },
  { "station_name": "Rajankunti", "station_code": "RNN" },
  { "station_name": "Rajapalayam", "station_code": "RJPM" },
  { "station_name": "Rajapur", "station_code": "RJAP" },
  { "station_name": "Rajapur road", "station_code": "RAJP" },
  { "station_name": "Rajawari", "station_code": "RJI" },
  { "station_name": "Rajchandrapur", "station_code": "RCD" },
  { "station_name": "Rajendra pul", "station_code": "RJO" },
  { "station_name": "Rajendranagar", "station_code": "RJQ" },
  { "station_name": "Rajendranagar t", "station_code": "RJPB" },
  { "station_name": "Rajgarh", "station_code": "RHG" },
  { "station_name": "Rajghat narora", "station_code": "RG" },
  { "station_name": "Rajgir", "station_code": "RGD" },
  { "station_name": "Rajgram", "station_code": "RJG" },
  { "station_name": "Rajhura", "station_code": "RHR" },
  { "station_name": "RAJIM", "station_code": "RIM" },
  { "station_name": "Rajiyasar", "station_code": "RJS" },
  { "station_name": "Rajkharsawan jn", "station_code": "RKSN" },
  { "station_name": "Rajkiawas", "station_code": "RKZ" },
  { "station_name": "Rajkot jn", "station_code": "RJT" },
  { "station_name": "Rajmahal", "station_code": "RJL" },
  { "station_name": "Rajmane", "station_code": "RM" },
  { "station_name": "Rajpipla", "station_code": "RAJ" },
  { "station_name": "Rajpura jn", "station_code": "RPJ" },
  { "station_name": "Rajula city", "station_code": "RJU" },
  { "station_name": "Rajula jn", "station_code": "RLA" },
  { "station_name": "Rajur", "station_code": "RAJR" },
  { "station_name": "Rakha mines", "station_code": "RHE" },
  { "station_name": "Rakhiyal", "station_code": "RKH" },
  { "station_name": "Ram chaura road", "station_code": "RMC" },
  { "station_name": "RAM DAYALU NAGR", "station_code": "RD" },
  { "station_name": "Ram nagar j k", "station_code": "RMJK" },
  { "station_name": "Ramachandrapur", "station_code": "RCP" },
  { "station_name": "Ramagundam", "station_code": "RDM" },
  { "station_name": "Ramakona", "station_code": "RMO" },
  { "station_name": "Raman", "station_code": "RMN" },
  { "station_name": "Ramanagaram", "station_code": "RMGM" },
  { "station_name": "Ramanathapuram", "station_code": "RMD" },
  { "station_name": "Ramannapeta", "station_code": "RMNP" },
  { "station_name": "Ramaraju palli", "station_code": "RRJ" },
  { "station_name": "Rambha", "station_code": "RBA" },
  { "station_name": "Rambhaddarpur", "station_code": "RBZ" },
  { "station_name": "Ramdevra", "station_code": "RDRA" },
  { "station_name": "Rameswaram", "station_code": "RMM" },
  { "station_name": "Ramganga", "station_code": "RGB" },
  { "station_name": "Ramganj", "station_code": "RMGJ" },
  { "station_name": "Ramganj mandi", "station_code": "RMA" },
  { "station_name": "Ramgarh cant", "station_code": "RMT" },
  { "station_name": "Ramgarhwa", "station_code": "RGH" },
  { "station_name": "Ramgiri", "station_code": "RGI" },
  { "station_name": "Ramkola", "station_code": "RKL" },
  { "station_name": "Ramna", "station_code": "RMF" },
  { "station_name": "Ramnagar", "station_code": "RMR" },
  { "station_name": "Ramnagar bengal", "station_code": "RMRB" },
  { "station_name": "Ramparda", "station_code": "RA" },
  { "station_name": "Rampur", "station_code": "RMU" },
  { "station_name": "Rampur bazar", "station_code": "RMPB" },
  { "station_name": "Rampur dumra", "station_code": "RDUM" },
  { "station_name": "Rampur hat", "station_code": "RPH" },
  { "station_name": "Rampura beri", "station_code": "RMB" },
  { "station_name": "Rampura phul", "station_code": "PUL" },
  { "station_name": "Ramsagar", "station_code": "RSG" },
  { "station_name": "Ramtek", "station_code": "RTK" },
  { "station_name": "RANAGHAT JN", "station_code": "RHA" },
  { "station_name": "Ranala", "station_code": "RNL" },
  { "station_name": "Ranapratapnagar", "station_code": "RPZ" },
  { "station_name": "Ranavav", "station_code": "RWO" },
  { "station_name": "Ranchi", "station_code": "RNC" },
  { "station_name": "Ranchi road", "station_code": "RRME" },
  { "station_name": "Rangaliting", "station_code": "RNGG" },
  { "station_name": "Rangapani", "station_code": "RNI" },
  { "station_name": "Rangapara north", "station_code": "RPAN" },
  { "station_name": "Rangapuram", "station_code": "RGM" },
  { "station_name": "Rangareddy guda", "station_code": "RRGA" },
  { "station_name": "Rangiya jn", "station_code": "RNY" },
  { "station_name": "Rangmahal", "station_code": "RMH" },
  { "station_name": "Rangtong", "station_code": "RTG" },
  { "station_name": "Rani", "station_code": "RANI" },
  { "station_name": "Ranibennur", "station_code": "RNR" },
  { "station_name": "Raniganj", "station_code": "RNG" },
  { "station_name": "Raniwara", "station_code": "RNV" },
  { "station_name": "Ranjangaon rd", "station_code": "RNJD" },
  { "station_name": "Ranjani", "station_code": "RNE" },
  { "station_name": "Ranoli", "station_code": "RNO" },
  { "station_name": "Ranpur", "station_code": "RUR" },
  { "station_name": "Ranthambhore", "station_code": "RNT" },
  { "station_name": "Ranuj", "station_code": "RUJ" },
  { "station_name": "Ranyal jasmiya", "station_code": "RCJ" },
  { "station_name": "Raoti", "station_code": "RTI" },
  { "station_name": "Raparla halt", "station_code": "RPRL" },
  { "station_name": "Rasayani", "station_code": "RSYI" },
  { "station_name": "Rasipuram", "station_code": "RASP" },
  { "station_name": "Rasra", "station_code": "RSR" },
  { "station_name": "Rasulabad", "station_code": "RUB" },
  { "station_name": "Rasuriya", "station_code": "RYS" },
  { "station_name": "Ratan shahr", "station_code": "RSH" },
  { "station_name": "Ratangaon", "station_code": "RTGN" },
  { "station_name": "Ratangarh jn", "station_code": "RTGH" },
  { "station_name": "Ratanpur", "station_code": "RPUR" },
  { "station_name": "Ratanpura", "station_code": "RTP" },
  { "station_name": "Rathdhana", "station_code": "RDDE" },
  { "station_name": "Ratlam jn", "station_code": "RTM" },
  { "station_name": "Ratnagiri", "station_code": "RN" },
  { "station_name": "Ratnal", "station_code": "RUT" },
  { "station_name": "Ratnapur", "station_code": "RNU" },
  { "station_name": "Rau", "station_code": "RAU" },
  { "station_name": "Rauli", "station_code": "RUL" },
  { "station_name": "Ravalpali kalan", "station_code": "RPK" },
  { "station_name": "Raver", "station_code": "RV" },
  { "station_name": "Ravikampadu", "station_code": "RVD" },
  { "station_name": "Ravindrakhani", "station_code": "RVKH" },
  { "station_name": "Ravtha road", "station_code": "RDT" },
  { "station_name": "Rawania dungar", "station_code": "RWJ" },
  { "station_name": "Raxaul jn", "station_code": "RXL" },
  { "station_name": "Ray", "station_code": "RAY" },
  { "station_name": "Rayadrug", "station_code": "RDG" },
  { "station_name": "Rayagada", "station_code": "RGDA" },
  { "station_name": "Rayalcheruvu", "station_code": "RLO" },
  { "station_name": "Rayanapadu", "station_code": "RYP" },
  { "station_name": "Raybag", "station_code": "RBG" },
  { "station_name": "Razampeta", "station_code": "RJP" },
  { "station_name": "Rechni road", "station_code": "RECH" },
  { "station_name": "Reddigudem", "station_code": "REM" },
  { "station_name": "Reddipalle", "station_code": "RPL" },
  { "station_name": "Regadipalli", "station_code": "RLL" },
  { "station_name": "Regupalem", "station_code": "REG" },
  { "station_name": "Rejinagar", "station_code": "REJ" },
  { "station_name": "Relangi", "station_code": "RLG" },
  { "station_name": "Ren", "station_code": "REN" },
  { "station_name": "Rengali", "station_code": "RGL" },
  { "station_name": "Renigunta jn", "station_code": "RU" },
  { "station_name": "Renukut", "station_code": "RNQ" },
  { "station_name": "Renwal", "station_code": "RNW" },
  { "station_name": "Reoti", "station_code": "ROI" },
  { "station_name": "Reoti b khera", "station_code": "RBK" },
  { "station_name": "Repalle", "station_code": "RAL" },
  { "station_name": "Rethorakalan", "station_code": "RAKL" },
  { "station_name": "Rewa", "station_code": "REWA" },
  { "station_name": "Rewari", "station_code": "RE" },
  { "station_name": "Rewral", "station_code": "RRL" },
  { "station_name": "Richha road", "station_code": "RR" },
  { "station_name": "Richughutu", "station_code": "RCGT" },
  { "station_name": "Ridhore", "station_code": "RID" },
  { "station_name": "Rikhabdev road", "station_code": "RDD" },
  { "station_name": "Ringas jn", "station_code": "RGS" },
  { "station_name": "Risama", "station_code": "RSA" },
  { "station_name": "Rishikesh", "station_code": "RKSH" },
  { "station_name": "Risia", "station_code": "RS" },
  { "station_name": "Rithi", "station_code": "REI" },
  { "station_name": "Rmgrh shekhwati", "station_code": "RSWT" },
  { "station_name": "Rmkrshnaprm gte", "station_code": "RKO" },
  { "station_name": "Rningr jlpaigri", "station_code": "RQJ" },
  { "station_name": "Roberts ganj", "station_code": "RBGJ" },
  { "station_name": "Robertson", "station_code": "ROB" },
  { "station_name": "Roha", "station_code": "ROHA" },
  { "station_name": "Rohat", "station_code": "RT" },
  { "station_name": "Rohini", "station_code": "RHNE" },
  { "station_name": "Rohtak jn", "station_code": "ROK" },
  { "station_name": "Roorkee", "station_code": "RK" },
  { "station_name": "Roshanpur", "station_code": "RHN" },
  { "station_name": "Rotegaon", "station_code": "RGO" },
  { "station_name": "Rourkela", "station_code": "ROU" },
  { "station_name": "Rowriah sdg", "station_code": "RWH" },
  { "station_name": "Rowta bagan", "station_code": "RWTB" },
  { "station_name": "Royapuram", "station_code": "RPM" },
  { "station_name": "Roza jn", "station_code": "ROZA" },
  { "station_name": "Rudauli", "station_code": "RDL" },
  { "station_name": "Rudrapur city", "station_code": "RUPC" },
  { "station_name": "Rukadi", "station_code": "RKD" },
  { "station_name": "Rukmapur", "station_code": "RMY" },
  { "station_name": "Rukni", "station_code": "RUI" },
  { "station_name": "Runkhera", "station_code": "RNH" },
  { "station_name": "Runni saidpur", "station_code": "RUSD" },
  { "station_name": "Rupamau", "station_code": "RUM" },
  { "station_name": "Rupasibari", "station_code": "RPB" },
  { "station_name": "Rupaund", "station_code": "RPD" },
  { "station_name": "Rupbas", "station_code": "RBS" },
  { "station_name": "Rupnagar", "station_code": "RPAR" },
  { "station_name": "Rupnarayanpur", "station_code": "RNPR" },
  { "station_name": "Rupra road", "station_code": "RPRD" },
  { "station_name": "Rupsa jn", "station_code": "ROP" },
  { "station_name": "Rura", "station_code": "RURA" },
  { "station_name": "Rusera ghat", "station_code": "ROA" },
  { "station_name": "Ruthiyai", "station_code": "RTA" }
]
