[
  { "station_name": "S bhakhtiyarpur", "station_code": "SBV" },
  { "station_name": "S k para", "station_code": "SKAP" },
  { "station_name": "S venkteswrpalm", "station_code": "SVPM" },
  { "station_name": "Sabalgarh", "station_code": "SBL" },
  { "station_name": "Sabarmati jn", "station_code": "SBI" },
  { "station_name": "Sabarmati jn", "station_code": "SBT" },
  { "station_name": "Sabaur", "station_code": "SBO" },
  { "station_name": "Sabli road", "station_code": "SR" },
  { "station_name": "Sachin", "station_code": "SCH" },
  { "station_name": "Sadar bazar", "station_code": "DSB" },
  { "station_name": "Sadashivapet rd", "station_code": "SSPD" },
  { "station_name": "Sadat", "station_code": "SDT" },
  { "station_name": "Sadisopur", "station_code": "SDE" },
  { "station_name": "Sadulpur jn", "station_code": "SDLP" },
  { "station_name": "Sadulshahr", "station_code": "SDS" },
  { "station_name": "Sadura", "station_code": "SDUA" },
  { "station_name": "Safdarganj", "station_code": "SGJ" },
  { "station_name": "Safedabad", "station_code": "SFH" },
  { "station_name": "Safilguda", "station_code": "SFX" },
  { "station_name": "Sagadapata", "station_code": "SGDP" },
  { "station_name": "Sagar jambagaru", "station_code": "SRF" },
  { "station_name": "Sagardighi", "station_code": "SDI" },
  { "station_name": "Sagarpali", "station_code": "SVI" },
  { "station_name": "Sagauli jn", "station_code": "SGL" },
  { "station_name": "Sagoni", "station_code": "SAO" },
  { "station_name": "Sahadai buzurg", "station_code": "SDG" },
  { "station_name": "Saharanpur", "station_code": "SRE" },
  { "station_name": "Saharsa jn", "station_code": "SHC" },
  { "station_name": "Saharsrakund", "station_code": "SHSK" },
  { "station_name": "Sahatwar", "station_code": "STW" },
  { "station_name": "Saheli", "station_code": "SAHL" },
  { "station_name": "Sahibabad", "station_code": "SBB" },
  { "station_name": "Sahibganj jn", "station_code": "SBG" },
  { "station_name": "Sahibpur kml jn", "station_code": "SKJ" },
  { "station_name": "Sahibzada asngr", "station_code": "SASN" },
  { "station_name": "Sahjanwa", "station_code": "SWA" },
  { "station_name": "Sai p nilayam", "station_code": "SSPN" },
  { "station_name": "Saidapur", "station_code": "SADP" },
  { "station_name": "Saidraja", "station_code": "SYJ" },
  { "station_name": "Saij sertha rd", "station_code": "SHRD" },
  { "station_name": "Sainagar shirdi", "station_code": "SNSI" },
  { "station_name": "Saintala", "station_code": "SFC" },
  { "station_name": "Sainthia", "station_code": "SNT" },
  { "station_name": "Saiyid sarawan", "station_code": "SYWN" },
  { "station_name": "Sajanvar road", "station_code": "SJF" },
  { "station_name": "Sakaldiha", "station_code": "SLD" },
  { "station_name": "Sakhi gopal", "station_code": "SIL" },
  { "station_name": "Sakhoti tanda", "station_code": "SKF" },
  { "station_name": "Sakhpur", "station_code": "SKR" },
  { "station_name": "Sakhun", "station_code": "SK" },
  { "station_name": "Sakleshpur", "station_code": "SKLR" },
  { "station_name": "Sakri jn", "station_code": "SKI" },
  { "station_name": "Sakrigali jn", "station_code": "SLJ" },
  { "station_name": "Saktesgarh", "station_code": "SKGH" },
  { "station_name": "Sakti", "station_code": "SKT" },
  { "station_name": "Salagaon", "station_code": "SQQ" },
  { "station_name": "Salaia", "station_code": "SYA" },
  { "station_name": "Salamatpur", "station_code": "SMT" },
  { "station_name": "Salanpur", "station_code": "SLS" },
  { "station_name": "Salar", "station_code": "SALE" },
  { "station_name": "Salarpur", "station_code": "SLRP" },
  { "station_name": "Salauna", "station_code": "SLNA" },
  { "station_name": "Salawas", "station_code": "SZ" },
  { "station_name": "Salboni", "station_code": "SLB" },
  { "station_name": "Salchapra", "station_code": "SCA" },
  { "station_name": "Salekasa", "station_code": "SKS" },
  { "station_name": "Salem jn", "station_code": "SA" },
  { "station_name": "Salem market", "station_code": "SAMT" },
  { "station_name": "Salem town", "station_code": "SXT" },
  { "station_name": "Salempur jn", "station_code": "SRU" },
  { "station_name": "Sali", "station_code": "SALI" },
  { "station_name": "Salichauka road", "station_code": "SCKR" },
  { "station_name": "Salkaroad", "station_code": "SLKR" },
  { "station_name": "Salmari", "station_code": "SRI" },
  { "station_name": "Salogra", "station_code": "SLR" },
  { "station_name": "Salpura", "station_code": "SYL" },
  { "station_name": "Salur", "station_code": "SALR" },
  { "station_name": "Salwa", "station_code": "SAL" },
  { "station_name": "Samakhiali b g", "station_code": "SIOB" },
  { "station_name": "Samalkha", "station_code": "SMK" },
  { "station_name": "Samalkot jn", "station_code": "SLO" },
  { "station_name": "Samalpatti", "station_code": "SLY" },
  { "station_name": "Samastipur jn", "station_code": "SPJ" },
  { "station_name": "Samaswara", "station_code": "SMSR" },
  { "station_name": "Samayanallur", "station_code": "SER" },
  { "station_name": "Samba", "station_code": "SMBX" },
  { "station_name": "Sambalpur", "station_code": "SBP" },
  { "station_name": "Sambalpur city", "station_code": "SBPY" },
  { "station_name": "Sambalpur road", "station_code": "SBPD" },
  { "station_name": "SAMBHAL HTM SAR", "station_code": "SHTS" },
  { "station_name": "Sambhar lake", "station_code": "SBR" },
  { "station_name": "Sambhu", "station_code": "SMU" },
  { "station_name": "Samdhari jn", "station_code": "SMR" },
  { "station_name": "Samlaya jn", "station_code": "SMLA" },
  { "station_name": "Samnapur", "station_code": "SMC" },
  { "station_name": "Sampla", "station_code": "SPZ" },
  { "station_name": "Samsi", "station_code": "SM" },
  { "station_name": "Samudragarh", "station_code": "SMAE" },
  { "station_name": "Samuktala road", "station_code": "SMTA" },
  { "station_name": "Sanahwal", "station_code": "SNL" },
  { "station_name": "Sanand", "station_code": "SAU" },
  { "station_name": "Sanawad", "station_code": "SWD" },
  { "station_name": "Sanchi", "station_code": "SCI" },
  { "station_name": "Sandila", "station_code": "SAN" },
  { "station_name": "Saneh road", "station_code": "SNX" },
  { "station_name": "Sanganer", "station_code": "SNGN" },
  { "station_name": "Sangannapur", "station_code": "SNGR" },
  { "station_name": "Sangaria", "station_code": "SGRA" },
  { "station_name": "Sangat", "station_code": "SGF" },
  { "station_name": "Sangli", "station_code": "SLI" },
  { "station_name": "Sangmeshwar", "station_code": "SGR" },
  { "station_name": "Sangola", "station_code": "SGLA" },
  { "station_name": "Sangrana sahib", "station_code": "SBS" },
  { "station_name": "Sangrur", "station_code": "SAG" },
  { "station_name": "Sanichara", "station_code": "SAC" },
  { "station_name": "Sanjali", "station_code": "SNJL" },
  { "station_name": "Sanjan", "station_code": "SJN" },
  { "station_name": "Sank", "station_code": "SANK" },
  { "station_name": "Sanka", "station_code": "SNKR" },
  { "station_name": "Sankarankovil", "station_code": "SNKL" },
  { "station_name": "Sankaridurg", "station_code": "SGE" },
  { "station_name": "Sankarpur", "station_code": "SNQ" },
  { "station_name": "Sankopara", "station_code": "SXP" },
  { "station_name": "Sankval", "station_code": "SKVL" },
  { "station_name": "Sanosra", "station_code": "SOA" },
  { "station_name": "Sansarpur", "station_code": "SNRR" },
  { "station_name": "Sant road", "station_code": "SAT" },
  { "station_name": "Santaldih", "station_code": "SNTD" },
  { "station_name": "Santalpur", "station_code": "SNLR" },
  { "station_name": "Santamagulur", "station_code": "SAB" },
  { "station_name": "Santragachi jn", "station_code": "SRC" },
  { "station_name": "Sanvardam crchm", "station_code": "KDCR" },
  { "station_name": "Sanvatsar", "station_code": "SNVR" },
  { "station_name": "Sanverdam chuch", "station_code": "SVM" },
  { "station_name": "Saoner jn", "station_code": "SONR" },
  { "station_name": "Saonga halt", "station_code": "SZH" },
  { "station_name": "Sapatgram", "station_code": "SPX" },
  { "station_name": "Sape wamne", "station_code": "SAPE" },
  { "station_name": "Sapekhati", "station_code": "SPK" },
  { "station_name": "Saphale", "station_code": "SAH" },
  { "station_name": "Saradhna", "station_code": "SDH" },
  { "station_name": "Saragbundia", "station_code": "SRBA" },
  { "station_name": "Saragchni", "station_code": "SGV" },
  { "station_name": "Sarai", "station_code": "SAI" },
  { "station_name": "Sarai chandi", "station_code": "SYC" },
  { "station_name": "Sarai kansrai", "station_code": "SQN" },
  { "station_name": "Sarai mir", "station_code": "SMZ" },
  { "station_name": "Sarai rani", "station_code": "RKS" },
  { "station_name": "Sarangpur", "station_code": "SFW" },
  { "station_name": "Saraswatinagar", "station_code": "SRWN" },
  { "station_name": "Sarbahara", "station_code": "SBRA" },
  { "station_name": "Sardargram", "station_code": "SDGM" },
  { "station_name": "Sardarnagar", "station_code": "SANR" },
  { "station_name": "Sardarshahr", "station_code": "SRDR" },
  { "station_name": "Sardiha", "station_code": "SUA" },
  { "station_name": "Sareigram", "station_code": "SGAM" },
  { "station_name": "Sareri", "station_code": "SSR" },
  { "station_name": "Sarkoni", "station_code": "SIQ" },
  { "station_name": "Sarnath", "station_code": "SRNT" },
  { "station_name": "Sarojini nagar", "station_code": "SOJ" },
  { "station_name": "Sarola", "station_code": "SRL" },
  { "station_name": "Sarona", "station_code": "SZB" },
  { "station_name": "Sarotra road", "station_code": "SZA" },
  { "station_name": "Sarupathar", "station_code": "SZR" },
  { "station_name": "Sarupsar jn", "station_code": "SRPR" },
  { "station_name": "Sarwari", "station_code": "SVD" },
  { "station_name": "Sasan gir", "station_code": "SASG" },
  { "station_name": "Sasaram", "station_code": "SSM" },
  { "station_name": "Sasni", "station_code": "SNS" },
  { "station_name": "Sason", "station_code": "SSN" },
  { "station_name": "Sasthankotta", "station_code": "STKT" },
  { "station_name": "Satadhar", "station_code": "STDR" },
  { "station_name": "Satara", "station_code": "STR" },
  { "station_name": "Sathajagat", "station_code": "STJT" },
  { "station_name": "Sathiaon", "station_code": "SAA" },
  { "station_name": "Sathin road", "station_code": "SWF" },
  { "station_name": "Satna", "station_code": "STA" },
  { "station_name": "Satnali", "station_code": "STNL" },
  { "station_name": "Satrod", "station_code": "STD" },
  { "station_name": "Sattenapalle", "station_code": "SAP" },
  { "station_name": "Satulur", "station_code": "STUR" },
  { "station_name": "Satuna", "station_code": "SCO" },
  { "station_name": "Satur", "station_code": "SRT" },
  { "station_name": "Saugor", "station_code": "SGO" },
  { "station_name": "Saunshi", "station_code": "SNH" },
  { "station_name": "Sausar", "station_code": "SASR" },
  { "station_name": "Savalyapuram", "station_code": "SYM" },
  { "station_name": "Savanur", "station_code": "SVNR" },
  { "station_name": "Savarda", "station_code": "SVX" },
  { "station_name": "Savarkundla", "station_code": "SVKD" },
  { "station_name": "Savda", "station_code": "SAV" },
  { "station_name": "Sawai madhopur", "station_code": "SWM" },
  { "station_name": "Sawalgi", "station_code": "SVG" },
  { "station_name": "Sawantwadi road", "station_code": "SWV" },
  { "station_name": "Sayan", "station_code": "SYN" },
  { "station_name": "Sbb jogulamba h", "station_code": "SBBJ" },
  { "station_name": "Sbewbabudih", "station_code": "SBW" },
  { "station_name": "SBI BTD", "station_code": "BTDF" },
  { "station_name": "Sealdah", "station_code": "SDAH" },
  { "station_name": "Secunderabad jn", "station_code": "SC" },
  { "station_name": "Sehore", "station_code": "SEH" },
  { "station_name": "Sehramau", "station_code": "SW" },
  { "station_name": "Selu", "station_code": "SELU" },
  { "station_name": "Semapur", "station_code": "SMO" },
  { "station_name": "Semari", "station_code": "SES" },
  { "station_name": "Semarkheri", "station_code": "SRKI" },
  { "station_name": "Senapura", "station_code": "SEN" },
  { "station_name": "Senchoa jn", "station_code": "SCE" },
  { "station_name": "Sendra", "station_code": "SEU" },
  { "station_name": "Sengottai", "station_code": "SCT" },
  { "station_name": "Seohara", "station_code": "SEO" },
  { "station_name": "Seoni", "station_code": "SEY" },
  { "station_name": "Seoraphuli", "station_code": "SHE" },
  { "station_name": "Seram", "station_code": "SEM" },
  { "station_name": "Serampore", "station_code": "SRP" },
  { "station_name": "Settigunta", "station_code": "SF" },
  { "station_name": "Settihally", "station_code": "SET" },
  { "station_name": "Sevagram", "station_code": "SEGM" },
  { "station_name": "Sevaliya", "station_code": "SVL" },
  { "station_name": "Sewapuri", "station_code": "SWPR" },
  { "station_name": "Seydunganallur", "station_code": "SDNR" },
  { "station_name": "Sgm jagarlamudi", "station_code": "SJL" },
  { "station_name": "Shadhoragaon", "station_code": "SHDR" },
  { "station_name": "Shadnagar", "station_code": "SHNR" },
  { "station_name": "Shahabad", "station_code": "SDB" },
  { "station_name": "Shahbad marknda", "station_code": "SHDM" },
  { "station_name": "Shahdol", "station_code": "SDL" },
  { "station_name": "Shahganj jn", "station_code": "SHG" },
  { "station_name": "Shahjahanpur", "station_code": "SZP" },
  { "station_name": "Shahjehanpur", "station_code": "SPN" },
  { "station_name": "Shahpur patoree", "station_code": "SPP" },
  { "station_name": "Shahzad nagar", "station_code": "SAR" },
  { "station_name": "Shaitansinghngr", "station_code": "STSN" },
  { "station_name": "Shajahanpurcort", "station_code": "SXK" },
  { "station_name": "Shajapur", "station_code": "SFY" },
  { "station_name": "Shakti nagar", "station_code": "SKTN" },
  { "station_name": "Shakurbasti", "station_code": "SSB" },
  { "station_name": "Shalashah thana", "station_code": "SHLT" },
  { "station_name": "Shalimar", "station_code": "SHM" },
  { "station_name": "Sham chaurasi", "station_code": "SCQ" },
  { "station_name": "Shambhupura", "station_code": "SMP" },
  { "station_name": "Shamgarh", "station_code": "SGZ" },
  { "station_name": "Shamlaji road", "station_code": "SJS" },
  { "station_name": "Shamli", "station_code": "SMQL" },
  { "station_name": "Shankargarh", "station_code": "SRJ" },
  { "station_name": "Shankarpalli", "station_code": "SKP" },
  { "station_name": "Shantipur", "station_code": "STB" },
  { "station_name": "Shapur jn", "station_code": "SHH" },
  { "station_name": "Shdspra padmpra", "station_code": "SAS" },
  { "station_name": "Shedbal", "station_code": "SED" },
  { "station_name": "Shegaon", "station_code": "SEG" },
  { "station_name": "Sheikpura", "station_code": "SHK" },
  { "station_name": "Shelgaon", "station_code": "SLGH" },
  { "station_name": "Shendri", "station_code": "SEI" },
  { "station_name": "Shenoli", "station_code": "SNE" },
  { "station_name": "Sheo singh pura", "station_code": "SHNX" },
  { "station_name": "Sheoprasadnager", "station_code": "SPDR" },
  { "station_name": "Sheopur kalan", "station_code": "SOE" },
  { "station_name": "Shertalai", "station_code": "SRTL" },
  { "station_name": "Shikara", "station_code": "SKY" },
  { "station_name": "Shikohabad jn", "station_code": "SKB" },
  { "station_name": "Shillong o a", "station_code": "SOC" },
  { "station_name": "Shimiliaguda", "station_code": "SMLG" },
  { "station_name": "Shimoga", "station_code": "SME" },
  { "station_name": "Shimoga town", "station_code": "SMET" },
  { "station_name": "Shiroor", "station_code": "SHMI" },
  { "station_name": "Shirravde", "station_code": "SIW" },
  { "station_name": "Shirsoli", "station_code": "SS" },
  { "station_name": "Shirud", "station_code": "SHF" },
  { "station_name": "Shiupur", "station_code": "SOP" },
  { "station_name": "Shivaji bridge", "station_code": "CSB" },
  { "station_name": "Shivajinagar", "station_code": "SVJR" },
  { "station_name": "Shivalingapuram", "station_code": "SLPM" },
  { "station_name": "Shivanarayanpur", "station_code": "SVRP" },
  { "station_name": "Shivani", "station_code": "SHV" },
  { "station_name": "Shivlankha", "station_code": "SIA" },
  { "station_name": "Shivnagar", "station_code": "SHNG" },
  { "station_name": "Shivni shivapur", "station_code": "SVW" },
  { "station_name": "Shivpura", "station_code": "SVT" },
  { "station_name": "Shivpuri", "station_code": "SVPI" },
  { "station_name": "Shivrampur", "station_code": "SWC" },
  { "station_name": "Shmata vd katra", "station_code": "SVDK" },
  { "station_name": "Shoghi", "station_code": "SGS" },
  { "station_name": "Shohratgarh", "station_code": "SOT" },
  { "station_name": "Sholavandan", "station_code": "SDN" },
  { "station_name": "Sholinghur", "station_code": "SHU" },
  { "station_name": "Shoranur jn", "station_code": "SRR" },
  { "station_name": "SHRAVANABELAGOLA", "station_code": "SBGA" },
  { "station_name": "Shri amirgadh", "station_code": "SIM" },
  { "station_name": "Shri balaji", "station_code": "SBLJ" },
  { "station_name": "Shri bhavnath", "station_code": "SBHN" },
  { "station_name": "Shri ganganagar", "station_code": "SGNR" },
  { "station_name": "Shri karanpur", "station_code": "SRW" },
  { "station_name": "Shri madhopur", "station_code": "SMPR" },
  { "station_name": "Shri mahabirji", "station_code": "SMBJ" },
  { "station_name": "Shribdrya lathi", "station_code": "SBLT" },
  { "station_name": "Shridham", "station_code": "SRID" },
  { "station_name": "Shrigonda road", "station_code": "SGND" },
  { "station_name": "Shrikalyanpura", "station_code": "SKPA" },
  { "station_name": "Shrirajnagar", "station_code": "SAGR" },
  { "station_name": "Shrirangapatna", "station_code": "S" },
  { "station_name": "Shrivagilu", "station_code": "SVGL" },
  { "station_name": "Shrungavarpukta", "station_code": "SUP" },
  { "station_name": "Shujaatpur", "station_code": "SJT" },
  { "station_name": "Shujalpur", "station_code": "SJP" },
  { "station_name": "Shyamnagar", "station_code": "SNR" },
  { "station_name": "Shyampura", "station_code": "SMPA" },
  { "station_name": "Siajuli", "station_code": "SWJ" },
  { "station_name": "Sibsagar town", "station_code": "SRTN" },
  { "station_name": "Siddhpur", "station_code": "SID" },
  { "station_name": "SIDHWAR", "station_code": "SDWR" },
  { "station_name": "Sigadam", "station_code": "SGDM" },
  { "station_name": "Sihapar", "station_code": "SIPR" },
  { "station_name": "Siho", "station_code": "SIHO" },
  { "station_name": "Sihor gujarat", "station_code": "SOJN" },
  { "station_name": "Sihora road", "station_code": "SHR" },
  { "station_name": "Sikandarpur", "station_code": "SKQ" },
  { "station_name": "Sikandra rao", "station_code": "SKA" },
  { "station_name": "Sikar jn", "station_code": "SIKR" },
  { "station_name": "Sikarpai", "station_code": "SKPI" },
  { "station_name": "Sikir", "station_code": "SFK" },
  { "station_name": "Silak jhori", "station_code": "SZY" },
  { "station_name": "Silanibari", "station_code": "SOB" },
  { "station_name": "Silao", "station_code": "SILO" },
  { "station_name": "Silapathar", "station_code": "SPTR" },
  { "station_name": "Silaut", "station_code": "SLT" },
  { "station_name": "Silchar", "station_code": "SCL" },
  { "station_name": "Silghat town", "station_code": "SHTT" },
  { "station_name": "Siliari", "station_code": "SLH" },
  { "station_name": "Siliguri", "station_code": "SGUD" },
  { "station_name": "Siliguri jn", "station_code": "SGUJ" },
  { "station_name": "SILIGURI JN", "station_code": "SGUR" },
  { "station_name": "Siliguru town", "station_code": "SGUT" },
  { "station_name": "Silli", "station_code": "SLF" },
  { "station_name": "Simaluguri jn", "station_code": "SLGR" },
  { "station_name": "Simaria", "station_code": "SAE" },
  { "station_name": "Simbhooli", "station_code": "SMBL" },
  { "station_name": "Simhachalam", "station_code": "SCM" },
  { "station_name": "Simla", "station_code": "SML" },
  { "station_name": "Simultala", "station_code": "STL" },
  { "station_name": "Simurali", "station_code": "SMX" },
  { "station_name": "Sindhawadar", "station_code": "SDD" },
  { "station_name": "Sindhudurg", "station_code": "SNDD" },
  { "station_name": "Sindi", "station_code": "SNI" },
  { "station_name": "Sindkheda", "station_code": "SNK" },
  { "station_name": "Sindpan", "station_code": "SDPN" },
  { "station_name": "Sindriblock hut", "station_code": "SDBH" },
  { "station_name": "Sindurwa", "station_code": "SYW" },
  { "station_name": "Singapuram road", "station_code": "SPRD" },
  { "station_name": "Singaram", "station_code": "SGRM" },
  { "station_name": "Singarayakonda", "station_code": "SKM" },
  { "station_name": "Singareni colrs", "station_code": "SYI" },
  { "station_name": "Singarpur", "station_code": "SNPR" },
  { "station_name": "SINGHABAD", "station_code": "SQB" },
  { "station_name": "Singhpur", "station_code": "SNGP" },
  { "station_name": "Singrauli", "station_code": "SGRL" },
  { "station_name": "Sinhan", "station_code": "SYQ" },
  { "station_name": "Sini jn", "station_code": "SINI" },
  { "station_name": "Sirajnagar h", "station_code": "SRJN" },
  { "station_name": "Sirari", "station_code": "SRY" },
  { "station_name": "Siras", "station_code": "SRAS" },
  { "station_name": "Sirathu", "station_code": "SRO" },
  { "station_name": "Sird", "station_code": "SIRD" },
  { "station_name": "Sirhind jn", "station_code": "SIR" },
  { "station_name": "Siripuram", "station_code": "SRPM" },
  { "station_name": "Sirjam", "station_code": "SRJM" },
  { "station_name": "Sirkazhi", "station_code": "SY" },
  { "station_name": "Sirli", "station_code": "SIF" },
  { "station_name": "Sirohi road", "station_code": "SOH" },
  { "station_name": "Sirpur kagazngr", "station_code": "SKZR" },
  { "station_name": "Sirpur town", "station_code": "SRUR" },
  { "station_name": "Sirsa", "station_code": "SSA" },
  { "station_name": "Sirsaul", "station_code": "SSL" },
  { "station_name": "Sisarka", "station_code": "SSKA" },
  { "station_name": "Sisvinhalli", "station_code": "SVHE" },
  { "station_name": "Siswa bazar", "station_code": "SBZ" },
  { "station_name": "Sitabinj", "station_code": "STBJ" },
  { "station_name": "Sitafal mandi", "station_code": "STPD" },
  { "station_name": "Sitalnagar", "station_code": "STNR" },
  { "station_name": "Sitalpur", "station_code": "STLR" },
  { "station_name": "Sitamarhi", "station_code": "SMI" },
  { "station_name": "Sitampet", "station_code": "STPT" },
  { "station_name": "Sitanagaram", "station_code": "SNM" },
  { "station_name": "Sitapur", "station_code": "STP" },
  { "station_name": "Sitapur cant", "station_code": "SCC" },
  { "station_name": "Sitapur city", "station_code": "SPC" },
  { "station_name": "Sitarampur", "station_code": "STN" },
  { "station_name": "Sitimani", "station_code": "SII" },
  { "station_name": "Siuri", "station_code": "SURI" },
  { "station_name": "Sivaganga", "station_code": "SVGA" },
  { "station_name": "Sivakasi", "station_code": "SVKS" },
  { "station_name": "Sivungaon", "station_code": "SVN" },
  { "station_name": "Siwaith", "station_code": "SWE" },
  { "station_name": "Siwan jn", "station_code": "SV" },
  { "station_name": "Siwani", "station_code": "SWNI" },
  { "station_name": "Sleemanabad rd", "station_code": "SBD" },
  { "station_name": "Snarayan chapia", "station_code": "SNC" },
  { "station_name": "Sodpur", "station_code": "SEP" },
  { "station_name": "Sogra", "station_code": "SOGR" },
  { "station_name": "Sohagpur", "station_code": "SGP" },
  { "station_name": "Sohansra", "station_code": "SAWN" },
  { "station_name": "Sohwal", "station_code": "SLW" },
  { "station_name": "Sojat road", "station_code": "SOD" },
  { "station_name": "Sojitra", "station_code": "SJTR" },
  { "station_name": "Solan", "station_code": "SOL" },
  { "station_name": "Solan brewery", "station_code": "SBY" },
  { "station_name": "Solapur jn", "station_code": "SUR" },
  { "station_name": "Solapur jn", "station_code": "SURM" },
  { "station_name": "Somalapuram", "station_code": "SLM" },
  { "station_name": "Somanayakkanpti", "station_code": "SKPT" },
  { "station_name": "Somanur", "station_code": "SNO" },
  { "station_name": "Somesar", "station_code": "SOS" },
  { "station_name": "Someshwara", "station_code": "SMWA" },
  { "station_name": "Somidevipalle", "station_code": "SDV" },
  { "station_name": "Somna", "station_code": "SOM" },
  { "station_name": "Somnath", "station_code": "SMNH" },
  { "station_name": "Sompeta", "station_code": "SPT" },
  { "station_name": "Somra bazar", "station_code": "SOAE" },
  { "station_name": "Somtane", "station_code": "SMNE" },
  { "station_name": "Son nagar", "station_code": "SEB" },
  { "station_name": "Sonada", "station_code": "SAD" },
  { "station_name": "Sonadanga", "station_code": "SVH" },
  { "station_name": "Sonagir", "station_code": "SOR" },
  { "station_name": "Sonakhan", "station_code": "SXN" },
  { "station_name": "Sonalli", "station_code": "SI" },
  { "station_name": "Sonarpur jn", "station_code": "SPR" },
  { "station_name": "Sonasan", "station_code": "SNSN" },
  { "station_name": "Sonbarsa kcheri", "station_code": "SBM" },
  { "station_name": "Sondad", "station_code": "SNV" },
  { "station_name": "Sondha road", "station_code": "SCN" },
  { "station_name": "Sonegaon", "station_code": "SNN" },
  { "station_name": "Songadh", "station_code": "SGD" },
  { "station_name": "Soni", "station_code": "SONI" },
  { "station_name": "Sonik", "station_code": "SIC" },
  { "station_name": "Sonipat", "station_code": "SNP" },
  { "station_name": "Sonpur jn", "station_code": "SEE" },
  { "station_name": "Sonshelu", "station_code": "SNSL" },
  { "station_name": "Sontalai", "station_code": "SQL" },
  { "station_name": "Sonua", "station_code": "SWR" },
  { "station_name": "Sonwara", "station_code": "SWO" },
  { "station_name": "Sorbhog jn", "station_code": "SBE" },
  { "station_name": "Soro", "station_code": "SORO" },
  { "station_name": "Sorupeta", "station_code": "SPQ" },
  { "station_name": "Sri dungargarh", "station_code": "SDGH" },
  { "station_name": "Sri kalahasti", "station_code": "KHT" },
  { "station_name": "Srikakulam road", "station_code": "CHE" },
  { "station_name": "Srikrishn nagar", "station_code": "SKN" },
  { "station_name": "Srinagar", "station_code": "SINA" },
  { "station_name": "Srinagar", "station_code": "SNAR" },
  { "station_name": "Srinivasa nagar", "station_code": "SHAN" },
  { "station_name": "Sriramnagar", "station_code": "SRNR" },
  { "station_name": "Srirampuram", "station_code": "SRMR" },
  { "station_name": "Srirangam", "station_code": "SRGM" },
  { "station_name": "Srivaikuntam", "station_code": "SVV" },
  { "station_name": "Srivilliputtur", "station_code": "SVPR" },
  { "station_name": "Srungavruksham", "station_code": "SGKM" },
  { "station_name": "Stuartpuram", "station_code": "SPF" },
  { "station_name": "Subansiri", "station_code": "SUZ" },
  { "station_name": "Subarnamrigi", "station_code": "SBNM" },
  { "station_name": "Subedarganj", "station_code": "SFG" },
  { "station_name": "SUBHAGPUR", "station_code": "SUBR" },
  { "station_name": "Subrahmanya rd", "station_code": "SBHR" },
  { "station_name": "Subzi mandi", "station_code": "SZM" },
  { "station_name": "Sudamdih", "station_code": "SDMD" },
  { "station_name": "Sudhani", "station_code": "SUD" },
  { "station_name": "Sudhrana", "station_code": "SDRA" },
  { "station_name": "Sudsar", "station_code": "SDF" },
  { "station_name": "Suhsarai", "station_code": "SOW" },
  { "station_name": "Suisa", "station_code": "SSIA" },
  { "station_name": "Sujangarh", "station_code": "SUJH" },
  { "station_name": "Sujanpur", "station_code": "SJNP" },
  { "station_name": "Sujnipara", "station_code": "SPLE" },
  { "station_name": "Sukhisewaniyan", "station_code": "SUW" },
  { "station_name": "Sukinda road", "station_code": "SKND" },
  { "station_name": "Sukna", "station_code": "SN" },
  { "station_name": "Sukrimangela", "station_code": "SOY" },
  { "station_name": "Sukritipur", "station_code": "SQF" },
  { "station_name": "Suku", "station_code": "SUKU" },
  { "station_name": "Suladhal", "station_code": "SUL" },
  { "station_name": "Sulah hmchl pdh", "station_code": "SLHP" },
  { "station_name": "Sulehalli", "station_code": "SUH" },
  { "station_name": "Sulerjavalge", "station_code": "SLGE" },
  { "station_name": "Sulgare", "station_code": "SGRD" },
  { "station_name": "Sulgare", "station_code": "SGRE" },
  { "station_name": "Sullurupeta", "station_code": "SPE" },
  { "station_name": "Sultanganj", "station_code": "SGG" },
  { "station_name": "Sultanpur", "station_code": "SLN" },
  { "station_name": "Sultanpur lodi", "station_code": "SQR" },
  { "station_name": "Sumer", "station_code": "SUMR" },
  { "station_name": "Summadevi", "station_code": "SUDV" },
  { "station_name": "Summer hill", "station_code": "SHZ" },
  { "station_name": "Sumreri", "station_code": "SMRR" },
  { "station_name": "Sunak", "station_code": "SUC" },
  { "station_name": "Sunam", "station_code": "SFM" },
  { "station_name": "Sundlak", "station_code": "SDLK" },
  { "station_name": "Supaul", "station_code": "SOU" },
  { "station_name": "Sur khand ka kh", "station_code": "SZK" },
  { "station_name": "Sura nussi", "station_code": "SRX" },
  { "station_name": "Suraimanpur", "station_code": "SIP" },
  { "station_name": "Surajgarh", "station_code": "SRGH" },
  { "station_name": "Surajpur", "station_code": "SUPR" },
  { "station_name": "Surajpur road", "station_code": "SJQ" },
  { "station_name": "Surareddipalem", "station_code": "SDM" },
  { "station_name": "Surat", "station_code": "ST" },
  { "station_name": "Suratgarh jn", "station_code": "SOG" },
  { "station_name": "Surathkal", "station_code": "SL" },
  { "station_name": "Suratpura", "station_code": "SURP" },
  { "station_name": "Suravali", "station_code": "SRVX" },
  { "station_name": "Sureli", "station_code": "SURL" },
  { "station_name": "Surendranagar", "station_code": "SUNR" },
  { "station_name": "Surendranagar g", "station_code": "SRGT" },
  { "station_name": "Surer", "station_code": "SRRG" },
  { "station_name": "Surgaon banjari", "station_code": "SGBJ" },
  { "station_name": "Suriawan", "station_code": "SAW" },
  { "station_name": "Surla road", "station_code": "SLRD" },
  { "station_name": "Surpura", "station_code": "SPO" },
  { "station_name": "Suwansa", "station_code": "SWS" },
  { "station_name": "Suwasra", "station_code": "SVA" },
  { "station_name": "Swadinpur", "station_code": "SDLE" },
  { "station_name": "Swamimalai", "station_code": "SWI" },
  { "station_name": "Swarupganj", "station_code": "SRPJ" }
]
