[
  { "station_name": "Tadakalpudi", "station_code": "TPY" },
  { "station_name": "Tadali", "station_code": "TAE" },
  { "station_name": "Tadepalligudem", "station_code": "TDD" },
  { "station_name": "Tadipatri", "station_code": "TU" },
  { "station_name": "Tadla pusapalli", "station_code": "TAA" },
  { "station_name": "Tadwal", "station_code": "TVL" },
  { "station_name": "Taherpur", "station_code": "THP" },
  { "station_name": "Tahsil bhadra", "station_code": "TSD" },
  { "station_name": "Tahsil fatehpur", "station_code": "TSF" },
  { "station_name": "Taiabpur", "station_code": "TBR" },
  { "station_name": "Tajpur", "station_code": "TJP" },
  { "station_name": "Tajpur dehma", "station_code": "TJD" },
  { "station_name": "Takal", "station_code": "TAKL" },
  { "station_name": "Takari", "station_code": "TKR" },
  { "station_name": "Takarkhede", "station_code": "TKHE" },
  { "station_name": "Takia", "station_code": "TQA" },
  { "station_name": "Takli bhansali", "station_code": "TKLB" },
  { "station_name": "Taklimiya", "station_code": "TKMY" },
  { "station_name": "Taksal", "station_code": "TSL" },
  { "station_name": "Taku", "station_code": "TAKU" },
  { "station_name": "Talaiyuthu", "station_code": "TAY" },
  { "station_name": "Talakhajuri", "station_code": "TLKH" },
  { "station_name": "Talala jn", "station_code": "TAV" },
  { "station_name": "Talamanchi", "station_code": "TMC" },
  { "station_name": "Talandu", "station_code": "TLO" },
  { "station_name": "Talbahat", "station_code": "TBT" },
  { "station_name": "Talcher", "station_code": "TLHR" },
  { "station_name": "Talcher road", "station_code": "TLHD" },
  { "station_name": "Talchhapar", "station_code": "TLC" },
  { "station_name": "Talegaon", "station_code": "TGN" },
  { "station_name": "Talgaria", "station_code": "TLE" },
  { "station_name": "Talguppa", "station_code": "TLGP" },
  { "station_name": "Talit", "station_code": "TIT" },
  { "station_name": "Taljhari", "station_code": "TLJ" },
  { "station_name": "Talli saidasahu", "station_code": "TSS" },
  { "station_name": "Talmadla", "station_code": "TMD" },
  { "station_name": "Talod", "station_code": "TOD" },
  { "station_name": "Taloja panchand", "station_code": "TPND" },
  { "station_name": "Talvadya", "station_code": "TLV" },
  { "station_name": "Talwandi", "station_code": "TWB" },
  { "station_name": "Tambaram", "station_code": "TBM" },
  { "station_name": "Tamkuhi road", "station_code": "TOI" },
  { "station_name": "Tamluk", "station_code": "TMZ" },
  { "station_name": "Tamna", "station_code": "TAO" },
  { "station_name": "Tanakallu", "station_code": "TKU" },
  { "station_name": "Tanakpur", "station_code": "TPU" },
  { "station_name": "Tanda urmar", "station_code": "TDO" },
  { "station_name": "Tandur", "station_code": "TDU" },
  { "station_name": "Tangarmunda", "station_code": "TGM" },
  { "station_name": "Tangiriapal", "station_code": "TGRL" },
  { "station_name": "Tangla", "station_code": "TNL" },
  { "station_name": "Tangra", "station_code": "TRA" },
  { "station_name": "Tanguturu", "station_code": "TNR" },
  { "station_name": "Tankuppa", "station_code": "TKN" },
  { "station_name": "Tanuku", "station_code": "TNKU" },
  { "station_name": "Tanur", "station_code": "TA" },
  { "station_name": "Tapa", "station_code": "TAPA" },
  { "station_name": "Tapri", "station_code": "TPZ" },
  { "station_name": "Taradevi", "station_code": "TVI" },
  { "station_name": "TARAKESWAR", "station_code": "TAK" },
  { "station_name": "Tarana road", "station_code": "TAN" },
  { "station_name": "Taranga hill", "station_code": "TRAH" },
  { "station_name": "Taraori", "station_code": "TRR" },
  { "station_name": "Tarapith road", "station_code": "TPF" },
  { "station_name": "Taregna", "station_code": "TEA" },
  { "station_name": "Targaon", "station_code": "TAZ" },
  { "station_name": "Tarighat", "station_code": "TRG" },
  { "station_name": "Tarigoppula", "station_code": "TGU" },
  { "station_name": "Tarikere jn", "station_code": "TKE" },
  { "station_name": "Tarlupadu", "station_code": "TLU" },
  { "station_name": "Tarn taran", "station_code": "TTO" },
  { "station_name": "Tarsarai", "station_code": "TRS" },
  { "station_name": "Tarur", "station_code": "TR" },
  { "station_name": "Tatanagar jn", "station_code": "TATA" },
  { "station_name": "Tatibahar", "station_code": "TBH" },
  { "station_name": "Taticherla", "station_code": "TAC" },
  { "station_name": "Tatisilwai", "station_code": "TIS" },
  { "station_name": "Teghra", "station_code": "TGA" },
  { "station_name": "Tehta", "station_code": "THA" },
  { "station_name": "TEJNARAYANPUR", "station_code": "TNPR" },
  { "station_name": "Tekkabigha", "station_code": "TKBG" },
  { "station_name": "Telam", "station_code": "TQM" },
  { "station_name": "Telaprolu", "station_code": "TOU" },
  { "station_name": "Teliamura", "station_code": "TLMR" },
  { "station_name": "Telo", "station_code": "TELO" },
  { "station_name": "Telta", "station_code": "TETA" },
  { "station_name": "Tenali jn", "station_code": "TEL" },
  { "station_name": "Tenganmada", "station_code": "TGQ" },
  { "station_name": "Teni", "station_code": "TENI" },
  { "station_name": "Tenkasi jn", "station_code": "TSI" },
  { "station_name": "Tenmalai", "station_code": "TML" },
  { "station_name": "Tettu", "station_code": "TTU" },
  { "station_name": "Tetulmari", "station_code": "TET" },
  { "station_name": "Tezpore", "station_code": "TZTB" },
  { "station_name": "Thadi", "station_code": "THY" },
  { "station_name": "Thakurganj", "station_code": "TKG" },
  { "station_name": "Thakurtota", "station_code": "TKH" },
  { "station_name": "Thalassery", "station_code": "TLY" },
  { "station_name": "Thallak", "station_code": "THKU" },
  { "station_name": "Thalwara", "station_code": "TLWA" },
  { "station_name": "Than jn", "station_code": "THAN" },
  { "station_name": "Thana bihpur jn", "station_code": "THB" },
  { "station_name": "THANDLA RD", "station_code": "THDR" },
  { "station_name": "Thane", "station_code": "TNA" },
  { "station_name": "Thanjavur", "station_code": "TJ" },
  { "station_name": "Tharsa", "station_code": "TAR" },
  { "station_name": "Thathana mithri", "station_code": "THMR" },
  { "station_name": "Thathankulam", "station_code": "TTQ" },
  { "station_name": "Thawe jn", "station_code": "THE" },
  { "station_name": "Therubali", "station_code": "THV" },
  { "station_name": "Thipparthi", "station_code": "TPPI" },
  { "station_name": "Thiruvarur jn", "station_code": "TVR" },
  { "station_name": "Thivim", "station_code": "THVM" },
  { "station_name": "Thokur", "station_code": "TOK" },
  { "station_name": "Thondebhavi", "station_code": "TDV" },
  { "station_name": "Thrisur", "station_code": "TCR" },
  { "station_name": "Thuria", "station_code": "THUR" },
  { "station_name": "TI", "station_code": "TI" },
  { "station_name": "Tihu", "station_code": "TIHU" },
  { "station_name": "Tikaria", "station_code": "TKYR" },
  { "station_name": "Tikekarwadi", "station_code": "TKWD" },
  { "station_name": "Tikiri", "station_code": "TKRI" },
  { "station_name": "Tikunia", "station_code": "TQN" },
  { "station_name": "Tilak bridge", "station_code": "TKJ" },
  { "station_name": "Tilaru", "station_code": "TIU" },
  { "station_name": "Tilati", "station_code": "TLT" },
  { "station_name": "Tilaya", "station_code": "TIA" },
  { "station_name": "Tilbhita", "station_code": "TBB" },
  { "station_name": "Tilbhum", "station_code": "TBX" },
  { "station_name": "Tilda", "station_code": "TLD" },
  { "station_name": "Tildanga", "station_code": "TDLE" },
  { "station_name": "Tilhar", "station_code": "TLH" },
  { "station_name": "Tiloniya", "station_code": "TL" },
  { "station_name": "TILRATH", "station_code": "TIL" },
  { "station_name": "Timarni", "station_code": "TBN" },
  { "station_name": "Timba road", "station_code": "TBA" },
  { "station_name": "Timbarva", "station_code": "TBV" },
  { "station_name": "Timmanacherla", "station_code": "TIM" },
  { "station_name": "Timmapur", "station_code": "TMX" },
  { "station_name": "Timtala", "station_code": "TMT" },
  { "station_name": "Tinai ghat", "station_code": "TGT" },
  { "station_name": "Tindharia", "station_code": "TDH" },
  { "station_name": "Tindivanam", "station_code": "TMV" },
  { "station_name": "Tinpahar jn", "station_code": "TPH" },
  { "station_name": "Tinsukia jn", "station_code": "TSK" },
  { "station_name": "Tipkai", "station_code": "TPK" },
  { "station_name": "Tipling", "station_code": "TPG" },
  { "station_name": "Tiptur", "station_code": "TTR" },
  { "station_name": "Tiraldih", "station_code": "TUL" },
  { "station_name": "Tirchrpali fort", "station_code": "TP" },
  { "station_name": "Tirodi", "station_code": "TRDI" },
  { "station_name": "Tirora", "station_code": "TRO" },
  { "station_name": "Tiruchchirapali", "station_code": "TPJ" },
  { "station_name": "Tiruchendur", "station_code": "TCN" },
  { "station_name": "Tiruchrpali twn", "station_code": "TPTN" },
  { "station_name": "Tiruchrpli plki", "station_code": "TPE" },
  { "station_name": "Tirukoilur", "station_code": "TRK" },
  { "station_name": "TIRUMALPUR", "station_code": "TMLP" },
  { "station_name": "Tirumangalam", "station_code": "TMQ" },
  { "station_name": "Tirumlai hls oa", "station_code": "TTH" },
  { "station_name": "Tirunelveli", "station_code": "TEN" },
  { "station_name": "Tirunnavaya", "station_code": "TUA" },
  { "station_name": "Tirupadripulyur", "station_code": "TDPR" },
  { "station_name": "Tiruparankndrm", "station_code": "TDN" },
  { "station_name": "Tirupati", "station_code": "TPTY" },
  { "station_name": "Tirupattur jn", "station_code": "TPT" },
  { "station_name": "Tiruppur", "station_code": "TUP" },
  { "station_name": "Tirur", "station_code": "TIR" },
  { "station_name": "Tiruttangal", "station_code": "TTL" },
  { "station_name": "Tiruttani", "station_code": "TRT" },
  { "station_name": "Tiruturaipdi jn", "station_code": "TTP" },
  { "station_name": "Tiruvalla", "station_code": "TRVL" },
  { "station_name": "Tiruvallur", "station_code": "TRL" },
  { "station_name": "Tiruvannamalai", "station_code": "TNM" },
  { "station_name": "Tiruverumbur", "station_code": "TRB" },
  { "station_name": "Tisi", "station_code": "TISI" },
  { "station_name": "Tisua", "station_code": "TSA" },
  { "station_name": "Titabar", "station_code": "TTB" },
  { "station_name": "Titagarh", "station_code": "TGH" },
  { "station_name": "Titlagarh", "station_code": "TIG" },
  { "station_name": "Titwa", "station_code": "TTW" },
  { "station_name": "Tivari", "station_code": "TIW" },
  { "station_name": "To darjeeling", "station_code": "DJRZ" },
  { "station_name": "Todarpur", "station_code": "TDP" },
  { "station_name": "Tohana", "station_code": "TUN" },
  { "station_name": "Tomka", "station_code": "TMKA" },
  { "station_name": "Topokal", "station_code": "TPQ" },
  { "station_name": "Toranagallu", "station_code": "TNGL" },
  { "station_name": "Torang", "station_code": "TRAN" },
  { "station_name": "Tori", "station_code": "TORI" },
  { "station_name": "Tribeni", "station_code": "TBAE" },
  { "station_name": "Trikarpur", "station_code": "TKQ" },
  { "station_name": "Trilochan mahdo", "station_code": "TLMD" },
  { "station_name": "Triupunittura", "station_code": "TRTR" },
  { "station_name": "Trivandrum cntl", "station_code": "TVC" },
  { "station_name": "Trivandrum pett", "station_code": "TVP" },
  { "station_name": "Tsakibanda", "station_code": "TKBN" },
  { "station_name": "Tsunduru", "station_code": "TSR" },
  { "station_name": "Tufanganj", "station_code": "TFGN" },
  { "station_name": "Tuggali", "station_code": "TGL" },
  { "station_name": "Tuglakabad", "station_code": "TKD" },
  { "station_name": "Tuiya pani", "station_code": "TPNI" },
  { "station_name": "Tukaithad", "station_code": "TTZ" },
  { "station_name": "Tuljapur", "station_code": "TGP" },
  { "station_name": "Tulsipur", "station_code": "TLR" },
  { "station_name": "Tumkur", "station_code": "TK" },
  { "station_name": "Tummalacheruvu", "station_code": "TMLU" },
  { "station_name": "Tummanamgutta", "station_code": "TAT" },
  { "station_name": "Tumsar road", "station_code": "TMR" },
  { "station_name": "Tundla jn", "station_code": "TDL" },
  { "station_name": "Tung", "station_code": "TUNG" },
  { "station_name": "Tuni", "station_code": "TUNI" },
  { "station_name": "Tunia", "station_code": "TUX" },
  { "station_name": "Tupkadih", "station_code": "TKB" },
  { "station_name": "Turavur", "station_code": "TUVR" },
  { "station_name": "Turekala road", "station_code": "TRKR" },
  { "station_name": "Turkapalli", "station_code": "TKPY" },
  { "station_name": "Turki road", "station_code": "TZR" },
  { "station_name": "Turtipar", "station_code": "TTI" },
  { "station_name": "Tuti melur", "station_code": "TME" },
  { "station_name": "Tuticorin", "station_code": "TN" },
  { "station_name": "Tuvvur", "station_code": "TUV" },
  { "station_name": "Tuwa", "station_code": "TUWA" },
  { "station_name": "Twining ganj", "station_code": "TWG" },
  { "station_name": "Tyada", "station_code": "TXD" },
  { "station_name": "Tyakal", "station_code": "TCL" }
]
