[
  { "station_name": "Uchana", "station_code": "UCA" },
  { "station_name": "Uchippuli", "station_code": "UCP" },
  { "station_name": "Udagamandalam", "station_code": "UAM" },
  { "station_name": "UDAIPUR", "station_code": "UDPU" },
  { "station_name": "Udaipur city", "station_code": "UDZ" },
  { "station_name": "Udalguri", "station_code": "ULG" },
  { "station_name": "Udalkachar", "station_code": "UKR" },
  { "station_name": "Udgir", "station_code": "UDGR" },
  { "station_name": "Udhampur", "station_code": "UHP" },
  { "station_name": "Udhna jn", "station_code": "UDN" },
  { "station_name": "Udramsar", "station_code": "UMS" },
  { "station_name": "Udumalaippettai", "station_code": "UDT" },
  { "station_name": "Udupi", "station_code": "UD" },
  { "station_name": "Udvada", "station_code": "UVD" },
  { "station_name": "Ugar khurd", "station_code": "UGR" },
  { "station_name": "Ugna halt", "station_code": "UGNA" },
  { "station_name": "Ugrasenpur", "station_code": "URPR" },
  { "station_name": "Ugwe", "station_code": "UGWE" },
  { "station_name": "Ujalvav", "station_code": "UJ" },
  { "station_name": "Ujiarpur", "station_code": "UJP" },
  { "station_name": "Ujjain jn", "station_code": "UJN" },
  { "station_name": "Ukai songadh", "station_code": "USD" },
  { "station_name": "Ukhali", "station_code": "UKH" },
  { "station_name": "Ukhra", "station_code": "UKA" },
  { "station_name": "Uklana", "station_code": "UKN" },
  { "station_name": "Ukshi", "station_code": "UKC" },
  { "station_name": "Ulavapadu", "station_code": "UPD" },
  { "station_name": "Ulhasnagar", "station_code": "ULNR" },
  { "station_name": "Ulindakonda", "station_code": "UKD" },
  { "station_name": "Ullal", "station_code": "ULL" },
  { "station_name": "Ulubaria", "station_code": "ULB" },
  { "station_name": "Umar tali", "station_code": "UTA" },
  { "station_name": "Umardashi", "station_code": "UM" },
  { "station_name": "Umaria", "station_code": "UMR" },
  { "station_name": "Umaria ispa hlt", "station_code": "UIH" },
  { "station_name": "Umbargam road", "station_code": "UBR" },
  { "station_name": "Umdanagar", "station_code": "UR" },
  { "station_name": "Umed", "station_code": "UMED" },
  { "station_name": "UMNF", "station_code": "UMNF" },
  { "station_name": "Umra", "station_code": "UMRA" },
  { "station_name": "Umra nala", "station_code": "ULA" },
  { "station_name": "Umreth", "station_code": "UMH" },
  { "station_name": "Umri", "station_code": "UMRI" },
  { "station_name": "Una", "station_code": "UNA" },
  { "station_name": "Una himachal", "station_code": "UHL" },
  { "station_name": "Unai vansada rd", "station_code": "UNI" },
  { "station_name": "Unawa aithor", "station_code": "UAR" },
  { "station_name": "Unchahar jn", "station_code": "UCR" },
  { "station_name": "Unchaulia", "station_code": "UCH" },
  { "station_name": "Unchdih", "station_code": "UND" },
  { "station_name": "Unchhera", "station_code": "UHR" },
  { "station_name": "Unchi bassi", "station_code": "UCB" },
  { "station_name": "Undasa madhawpu", "station_code": "UDM" },
  { "station_name": "Undi", "station_code": "UNDI" },
  { "station_name": "Unguturu", "station_code": "VGT" },
  { "station_name": "Unhel", "station_code": "UNL" },
  { "station_name": "Unjalur", "station_code": "URL" },
  { "station_name": "Unjha", "station_code": "UJA" },
  { "station_name": "Unkal", "station_code": "UNK" },
  { "station_name": "Unnao jn", "station_code": "ON" },
  { "station_name": "Untare road", "station_code": "URD" },
  { "station_name": "Uparmal", "station_code": "URML" },
  { "station_name": "Uplai", "station_code": "UPI" },
  { "station_name": "Upleta", "station_code": "UA" },
  { "station_name": "Uppal", "station_code": "OPL" },
  { "station_name": "Uppala", "station_code": "UAA" },
  { "station_name": "Uppalavai", "station_code": "UPW" },
  { "station_name": "Uppugunduru", "station_code": "UGD" },
  { "station_name": "Uren", "station_code": "UREN" },
  { "station_name": "Urga", "station_code": "URGA" },
  { "station_name": "Urkura", "station_code": "URK" },
  { "station_name": "Urma", "station_code": "URMA" },
  { "station_name": "Uruli", "station_code": "URI" },
  { "station_name": "Usalapur", "station_code": "USL" },
  { "station_name": "Usmanabad", "station_code": "UMD" },
  { "station_name": "Usmanpur", "station_code": "UPR" },
  { "station_name": "Utarlai", "station_code": "UTL" },
  { "station_name": "Utarsanda", "station_code": "UTD" },
  { "station_name": "Utrahtia", "station_code": "UTR" },
  { "station_name": "Utran", "station_code": "URN" },
  { "station_name": "Uttarkathani", "station_code": "UKE" },
  { "station_name": "Uttarpara", "station_code": "UPA" },
  { "station_name": "Uttukuli", "station_code": "UKL" }
]
