[
  { "station_name": "Vadakara", "station_code": "BDJ" },
  { "station_name": "Vadal", "station_code": "VAL" },
  { "station_name": "Vadali", "station_code": "VAE" },
  { "station_name": "Vadgaon", "station_code": "VDN" },
  { "station_name": "Vadgaon nila", "station_code": "WDN" },
  { "station_name": "Vadiya devli", "station_code": "VDV" },
  { "station_name": "Vadlamannadu", "station_code": "VMD" },
  { "station_name": "Vadnagar", "station_code": "VDG" },
  { "station_name": "Vadod", "station_code": "VXD" },
  { "station_name": "Vadodara jn", "station_code": "BRC" },
  { "station_name": "Vadtal swamnryn", "station_code": "VTL" },
  { "station_name": "Vagdiya", "station_code": "VD" },
  { "station_name": "Vaghli", "station_code": "VGL" },
  { "station_name": "Vaghpura", "station_code": "VU" },
  { "station_name": "Vaibhavwadi rd", "station_code": "VBW" },
  { "station_name": "Vaikom", "station_code": "VARD" },
  { "station_name": "Vailapuzha", "station_code": "VPZ" },
  { "station_name": "Vaitarna", "station_code": "VTN" },
  { "station_name": "Vakav", "station_code": "WKA" },
  { "station_name": "Valapattanam", "station_code": "VAPM" },
  { "station_name": "Valappadi g hlt", "station_code": "VGE" },
  { "station_name": "Valathoor", "station_code": "VLT" },
  { "station_name": "Valigonda", "station_code": "VLG" },
  { "station_name": "Valivade", "station_code": "VV" },
  { "station_name": "Vallabh vdyangr", "station_code": "VLYN" },
  { "station_name": "Vallikunnu", "station_code": "VLI" },
  { "station_name": "Valliveru", "station_code": "VRU" },
  { "station_name": "Valliyur", "station_code": "VLY" },
  { "station_name": "Valsad", "station_code": "BL" },
  { "station_name": "Vambori", "station_code": "VBR" },
  { "station_name": "Vanchimaniyachi", "station_code": "MEJ" },
  { "station_name": "VANGAICHUNGPAO", "station_code": "VNGP" },
  { "station_name": "Vanganur", "station_code": "VRN" },
  { "station_name": "Vangaon", "station_code": "VGN" },
  { "station_name": "Vani road", "station_code": "VNRD" },
  { "station_name": "Vaniyambadi", "station_code": "VN" },
  { "station_name": "Vaniyambalam", "station_code": "VNB" },
  { "station_name": "Vapi", "station_code": "VAPI" },
  { "station_name": "Varahi", "station_code": "VRX" },
  { "station_name": "Varanasi city", "station_code": "BCY" },
  { "station_name": "Varanasi jn", "station_code": "BSB" },
  { "station_name": "Varangaon", "station_code": "VNA" },
  { "station_name": "Varediya", "station_code": "VRE" },
  { "station_name": "Varkalasivagiri", "station_code": "VAK" },
  { "station_name": "Varnama", "station_code": "VRM" },
  { "station_name": "Vartej", "station_code": "VTJ" },
  { "station_name": "Varvala", "station_code": "VVA" },
  { "station_name": "Vasad jn", "station_code": "VDA" },
  { "station_name": "Vasai road", "station_code": "BSR" },
  { "station_name": "Vasan iyawa", "station_code": "WSE" },
  { "station_name": "Vasco da gama", "station_code": "VSG" },
  { "station_name": "Vatlur", "station_code": "VAT" },
  { "station_name": "Vatva", "station_code": "VTA" },
  { "station_name": "Vayalpad", "station_code": "VLD" },
  { "station_name": "Vedayapalem", "station_code": "VDE" },
  { "station_name": "Vedchha", "station_code": "VDH" },
  { "station_name": "Veer", "station_code": "VEER" },
  { "station_name": "Vejandla", "station_code": "VJA" },
  { "station_name": "VELACHERY", "station_code": "VLCY" },
  { "station_name": "Velankanni", "station_code": "VLKN" },
  { "station_name": "Veldurti", "station_code": "VDI" },
  { "station_name": "Veli", "station_code": "VELI" },
  { "station_name": "Vellacheruvu", "station_code": "VLE" },
  { "station_name": "Vellankanni", "station_code": "VLNK" },
  { "station_name": "Vellore cant", "station_code": "VLR" },
  { "station_name": "Vellore town", "station_code": "VT" },
  { "station_name": "Vemulapadu", "station_code": "VML" },
  { "station_name": "Vemuru", "station_code": "VMU" },
  { "station_name": "Vendodu", "station_code": "VDD" },
  { "station_name": "Vendra", "station_code": "VND" },
  { "station_name": "Venkatachalam", "station_code": "VKT" },
  { "station_name": "Venkatagiri", "station_code": "VKI" },
  { "station_name": "Venkatampalle", "station_code": "VPL" },
  { "station_name": "Venkatnagra", "station_code": "VKR" },
  { "station_name": "Veraval", "station_code": "VRL" },
  { "station_name": "Verka jn", "station_code": "VKA" },
  { "station_name": "Verna", "station_code": "VEN" },
  { "station_name": "Vetapalem", "station_code": "VTM" },
  { "station_name": "Vidisha", "station_code": "BHS" },
  { "station_name": "Viduraswattha", "station_code": "VWA" },
  { "station_name": "Vidyapatidham", "station_code": "VPDA" },
  { "station_name": "Vidyapatinagar", "station_code": "VPN" },
  { "station_name": "Vidyasagar", "station_code": "VDS" },
  { "station_name": "Vijapur", "station_code": "VJF" },
  { "station_name": "Vijay pur", "station_code": "VJP" },
  { "station_name": "Vijayawada jn", "station_code": "BZA" },
  { "station_name": "Vijiypur jammu", "station_code": "VJPJ" },
  { "station_name": "Vikarabad jn", "station_code": "VKB" },
  { "station_name": "Vikhran road", "station_code": "VKH" },
  { "station_name": "Vikramgarh alot", "station_code": "VMA" },
  { "station_name": "Vikramnagar", "station_code": "VRG" },
  { "station_name": "Vilad", "station_code": "VL" },
  { "station_name": "Vilavade", "station_code": "VID" },
  { "station_name": "Vilayatkalan rd", "station_code": "VYK" },
  { "station_name": "Villupuram jn", "station_code": "VM" },
  { "station_name": "Vindhyachal", "station_code": "BDL" },
  { "station_name": "Vinhere", "station_code": "VINH" },
  { "station_name": "Vinukonda", "station_code": "VKN" },
  { "station_name": "Viramdad", "station_code": "VQD" },
  { "station_name": "Viramgam jn", "station_code": "VG" },
  { "station_name": "Virani alur", "station_code": "VRLR" },
  { "station_name": "Virapur", "station_code": "VP" },
  { "station_name": "VIRAR", "station_code": "VR" },
  { "station_name": "Viravada", "station_code": "VRV" },
  { "station_name": "Viravalli", "station_code": "VRVL" },
  { "station_name": "Viravanallur", "station_code": "VVR" },
  { "station_name": "Viravasaram", "station_code": "VVM" },
  { "station_name": "Virbhadra", "station_code": "VRH" },
  { "station_name": "Virdel road", "station_code": "VRD" },
  { "station_name": "Virochannagar", "station_code": "VCN" },
  { "station_name": "Virpur", "station_code": "VRR" },
  { "station_name": "Virudunagar jn", "station_code": "VPT" },
  { "station_name": "Visapur", "station_code": "VPR" },
  { "station_name": "Visavadar", "station_code": "VSW" },
  { "station_name": "Vishakapatnam", "station_code": "VSKP" },
  { "station_name": "Vishnupuram", "station_code": "VNUP" },
  { "station_name": "Vishrambag", "station_code": "VRB" },
  { "station_name": "Vishvamitri", "station_code": "VS" },
  { "station_name": "Visnagar", "station_code": "VNG" },
  { "station_name": "Viswanath chrli", "station_code": "VNE" },
  { "station_name": "Vithisvarankol", "station_code": "VDL" },
  { "station_name": "Viveka vihar", "station_code": "VVB" },
  { "station_name": "Vizianagram jn", "station_code": "VZM" },
  { "station_name": "Vridhachalam jn", "station_code": "VRI" },
  { "station_name": "Vrindavan", "station_code": "BDB" },
  { "station_name": "Vyara", "station_code": "VYA" },
  { "station_name": "Vyasnagar", "station_code": "VYN" }
]
