[
  { "station_name": "W r s colony ph", "station_code": "WRC" },
  { "station_name": "Wadakancheri", "station_code": "WKI" },
  { "station_name": "Wadhwan city", "station_code": "WC" },
  { "station_name": "Wadi", "station_code": "WADI" },
  { "station_name": "Wadiaram", "station_code": "WDR" },
  { "station_name": "Wadrengdisa", "station_code": "WDA" },
  { "station_name": "Wadsa", "station_code": "WSA" },
  { "station_name": "Wadsinge", "station_code": "WDS" },
  { "station_name": "Wadwal nagnath", "station_code": "WDLN" },
  { "station_name": "Waghoda", "station_code": "WGA" },
  { "station_name": "Wair", "station_code": "WAIR" },
  { "station_name": "Walajah road jn", "station_code": "WJR" },
  { "station_name": "Waltair", "station_code": "WAT" },
  { "station_name": "Wan road", "station_code": "WND" },
  { "station_name": "Wanegaon", "station_code": "WNG" },
  { "station_name": "Wangapalli", "station_code": "WP" },
  { "station_name": "Wani", "station_code": "WANI" },
  { "station_name": "Wankaner city", "station_code": "WKRC" },
  { "station_name": "Wankaner jn", "station_code": "WKR" },
  { "station_name": "Wanparti road", "station_code": "WPR" },
  { "station_name": "Wansjaliya", "station_code": "WSJ" },
  { "station_name": "Warangal", "station_code": "WL" },
  { "station_name": "WARASEONI", "station_code": "WRI" },
  { "station_name": "Wardha jn", "station_code": "WR" },
  { "station_name": "Waria", "station_code": "OYR" },
  { "station_name": "Waris aleganj", "station_code": "WRS" },
  { "station_name": "Warora", "station_code": "WRR" },
  { "station_name": "Washermanpet", "station_code": "WST" },
  { "station_name": "Washim", "station_code": "WHM" },
  { "station_name": "Washimbe", "station_code": "WSB" },
  { "station_name": "Wathar", "station_code": "WTR" },
  { "station_name": "Wazerganj", "station_code": "WZJ" },
  { "station_name": "Wellington", "station_code": "WEL" },
  { "station_name": "Wena", "station_code": "WENA" },
  { "station_name": "Whitefield", "station_code": "WFD" },
  { "station_name": "Wihirgaon", "station_code": "VHGN" },
  { "station_name": "Wirur", "station_code": "WIRR" },
  { "station_name": "Wyndhamganj", "station_code": "WDM" }
]
