[
  { "station_name": "Yadavalli", "station_code": "YADA" },
  { "station_name": "Yadgir", "station_code": "YG" },
  { "station_name": "Yakutpura kcg", "station_code": "YKA" },
  { "station_name": "Yalvigi", "station_code": "YLG" },
  { "station_name": "Yamuna bdg agra", "station_code": "JAB" },
  { "station_name": "Yataluru", "station_code": "YAL" },
  { "station_name": "Yavatmal", "station_code": "YTL" },
  { "station_name": "Yedamangala", "station_code": "YDM" },
  { "station_name": "Yedekumeri", "station_code": "YDK" },
  { "station_name": "Yedshi", "station_code": "YSI" },
  { "station_name": "Yelgur", "station_code": "YGL" },
  { "station_name": "Yelhanka jn", "station_code": "YNK" },
  { "station_name": "Yeliyur", "station_code": "Y" },
  { "station_name": "Yellakaru", "station_code": "YLK" },
  { "station_name": "Yenugonda", "station_code": "YNG" },
  { "station_name": "Yeola", "station_code": "YL" },
  { "station_name": "Yerpedu", "station_code": "YPD" },
  { "station_name": "Yerragudipad", "station_code": "YGD" },
  { "station_name": "Yerraguntla", "station_code": "YA" },
  { "station_name": "Yesvantpur jn", "station_code": "YPR" },
  { "station_name": "Yevat", "station_code": "YT" },
  { "station_name": "Yusufpur", "station_code": "YFP" }
]
